Date,City,State,Avg_List_Price,%Change_LP
2020-07-31,New York,NY,612596.0,1.71
2020-07-31,Los Angeles-Long Beach-Anaheim,CA,927667.0,3.61
2020-07-31,Chicago,IL,343800.0,2.07
2020-07-31,Dallas-Fort Worth,TX,354800.0,1.92
2020-07-31,Philadelphia,PA,323333.0,3.85
2020-07-31,Houston,TX,322456.0,1.86
2020-07-31,Washington,DC,544300.0,2.38
2020-07-31,Miami-Fort Lauderdale,FL,397862.0,0.08
2020-07-31,Atlanta,GA,344568.0,2.33
2020-07-31,Boston,MA,639933.0,2.67
2020-07-31,San Francisco,CA,984364.0,3.5
2020-07-31,Detroit,MI,277917.0,6.38
2020-07-31,Riverside,CA,446333.0,2.68
2020-07-31,Phoenix,AZ,388574.0,2.64
2020-07-31,Seattle,WA,668667.0,1.31
2020-07-31,Minneapolis-St Paul,MN,394691.0,0.43
2020-07-31,San Diego,CA,814967.0,4.26
2020-07-31,St. Louis,MO,259763.0,1.95
2020-07-31,Tampa,FL,286231.0,2.19
2020-07-31,Baltimore,MD,363008.0,1.93
2020-07-31,Denver,CO,546633.0,0.92
2020-07-31,Pittsburgh,PA,227597.0,5.91
2020-07-31,Portland,OR,492148.0,2.04
2020-07-31,Charlotte,NC,362320.0,2.98
2020-07-31,Sacramento,CA,537667.0,1.84
2020-07-31,San Antonio,TX,297300.0,1.2
2020-07-31,Orlando,FL,324967.0,1.47
2020-07-31,Cincinnati,OH,333163.0,3.63
2020-07-31,Cleveland,OH,218267.0,4.14
2020-07-31,Kansas City,MO,364950.0,1.48
2020-07-31,Las Vegas,NV,335333.0,1.51
2020-07-31,Columbus,OH,344933.0,2.49
2020-07-31,Indianapolis,IN,311165.0,2.87
2020-07-31,San Jose,CA,1238000.0,2.37
2020-07-31,Austin,TX,374269.0,3.09
2020-07-31,Virginia Beach,VA,313399.0,1.82
2020-07-31,Nashville,TN,374933.0,1.8
2020-07-31,Providence,RI,419462.0,2.57
2020-07-31,Milwaukee,WI,263233.0,1.94
2020-07-31,Jacksonville,FL,317967.0,1.8
2020-07-31,Memphis,TN,260406.0,2.63
2020-07-31,Oklahoma City,OK,299081.0,1.97
2020-07-31,Louisville-Jefferson County,KY,299600.0,1.02
2020-07-31,Hartford,CT,338503.0,3.13
2020-07-31,Richmond,VA,379324.0,1.94
2020-07-31,New Orleans,LA,288433.0,2.06
2020-07-31,Buffalo,NY,231778.0,2.89
2020-07-31,Raleigh,NC,378235.0,2.47
2020-07-31,Birmingham,AL,282387.0,1.49
2020-07-31,Salt Lake City,UT,493385.0,2.4
2020-07-31,Rochester,NY,268739.0,0.64
2020-07-31,Grand Rapids,MI,321600.0,0.52
2020-07-31,Tucson,AZ,319933.0,3.56
2020-07-31,Urban Honolulu,HI,608000.0,0.27
2020-07-31,Tulsa,OK,268666.0,3.08
2020-07-31,Fresno,CA,380559.0,2.69
2020-07-31,Worcester,MA,378393.0,1.72
2020-07-31,Stamford,CT,791366.0,2.49
2020-07-31,Albuquerque,NM,335013.0,4.64
2020-07-31,Albany,NY,309221.0,3.7
2020-07-31,Omaha,NE,332045.0,1.29
2020-07-31,New Haven,CT,345061.0,4.22
2020-07-31,Bakersfield,CA,281300.0,1.69
2020-07-31,Knoxville,TN,331667.0,4.2
2020-07-31,Greenville,SC,284582.0,1.96
2020-07-31,Ventura,CA,834800.0,3.3
2020-07-31,Allentown,PA,308189.0,2.88
2020-07-31,El Paso,TX,208548.0,1.73
2020-07-31,Baton Rouge,LA,258133.0,1.91
2020-07-31,Dayton,OH,222761.0,0.33
2020-07-31,McAllen,TX,214933.0,3.37
2020-07-31,Columbia,SC,239382.0,1.36
2020-07-31,Greensboro,NC,285997.0,3.67
2020-07-31,Akron,OH,184300.0,3.38
2020-07-31,North Port-Sarasota-Bradenton,FL,374833.0,1.77
2020-07-31,Little Rock,AR,207458.0,0.6
2020-07-31,Stockton,CA,439398.0,2.57
2020-07-31,Charleston,SC,391125.0,2.2
2020-07-31,Syracuse,NY,188308.0,1.84
2020-07-31,Colorado Springs,CO,488532.0,0.82
2020-07-31,Winston-Salem,NC,304830.0,3.01
2020-07-31,Wichita,KS,260950.0,5.06
2020-07-31,Springfield,MA,317869.0,3.12
2020-07-31,Fort Myers,FL,269845.0,1.56
2020-07-31,Boise City,ID,413291.0,2.48
2020-07-31,Toledo,OH,200100.0,5.26
2020-07-31,Madison,WI,354600.0,0.0
2020-07-31,Lakeland,FL,244510.0,0.85
2020-07-31,Ogden,UT,433888.0,3.77
2020-07-31,Daytona Beach,FL,285500.0,1.13
2020-07-31,Des Moines,IA,276057.0,0.91
2020-07-31,Provo,UT,445019.0,3.67
2020-07-31,Durham,NC,406900.0,2.26
2020-07-31,Fort Collins,CO,465666.0,1.06
2020-08-31,New York,NY,629263.0,2.72
2020-08-31,Los Angeles-Long Beach-Anaheim,CA,958000.0,3.27
2020-08-31,Chicago,IL,348800.0,1.45
2020-08-31,Dallas-Fort Worth,TX,358133.0,0.94
2020-08-31,Philadelphia,PA,333000.0,2.99
2020-08-31,Houston,TX,327290.0,1.5
2020-08-31,Washington,DC,550967.0,1.22
2020-08-31,Miami-Fort Lauderdale,FL,399855.0,0.5
2020-08-31,Atlanta,GA,351235.0,1.93
2020-08-31,Boston,MA,648267.0,1.3
2020-08-31,San Francisco,CA,998667.0,1.45
2020-08-31,Detroit,MI,286300.0,3.02
2020-08-31,Riverside,CA,461333.0,3.36
2020-08-31,Phoenix,AZ,396908.0,2.14
2020-08-31,Seattle,WA,671333.0,0.4
2020-08-31,Minneapolis-St Paul,MN,392959.0,-0.44
2020-08-31,San Diego,CA,841267.0,3.23
2020-08-31,St. Louis,MO,258967.0,-0.31
2020-08-31,Tampa,FL,292672.0,2.25
2020-08-31,Baltimore,MD,364675.0,0.46
2020-08-31,Denver,CO,550000.0,0.62
2020-08-31,Pittsburgh,PA,234130.0,2.87
2020-08-31,Portland,OR,495977.0,0.78
2020-08-31,Charlotte,NC,367699.0,1.48
2020-08-31,Sacramento,CA,547667.0,1.86
2020-08-31,San Antonio,TX,299933.0,0.89
2020-08-31,Orlando,FL,328333.0,1.04
2020-08-31,Cincinnati,OH,334363.0,0.36
2020-08-31,Cleveland,OH,220967.0,1.24
2020-08-31,Kansas City,MO,361617.0,-0.91
2020-08-31,Las Vegas,NV,341333.0,1.79
2020-08-31,Columbus,OH,341600.0,-0.97
2020-08-31,Indianapolis,IN,316163.0,1.61
2020-08-31,San Jose,CA,1255000.0,1.37
2020-08-31,Austin,TX,383795.0,2.55
2020-08-31,Virginia Beach,VA,316612.0,1.03
2020-08-31,Nashville,TN,378267.0,0.89
2020-08-31,Providence,RI,425789.0,1.51
2020-08-31,Milwaukee,WI,259900.0,-1.27
2020-08-31,Jacksonville,FL,319300.0,0.42
2020-08-31,Memphis,TN,264267.0,1.48
2020-08-31,Oklahoma City,OK,300452.0,0.46
2020-08-31,Louisville-Jefferson County,KY,297265.0,-0.78
2020-08-31,Hartford,CT,345036.0,1.93
2020-08-31,Richmond,VA,383359.0,1.06
2020-08-31,New Orleans,LA,293467.0,1.75
2020-08-31,Buffalo,NY,231743.0,-0.02
2020-08-31,Raleigh,NC,383164.0,1.3
2020-08-31,Birmingham,AL,282277.0,-0.04
2020-08-31,Salt Lake City,UT,499590.0,1.26
2020-08-31,Rochester,NY,268596.0,-0.05
2020-08-31,Grand Rapids,MI,321633.0,0.01
2020-08-31,Tucson,AZ,329967.0,3.14
2020-08-31,Urban Honolulu,HI,608333.0,0.05
2020-08-31,Tulsa,OK,273294.0,1.72
2020-08-31,Fresno,CA,387078.0,1.71
2020-08-31,Worcester,MA,381897.0,0.93
2020-08-31,Stamford,CT,798522.0,0.9
2020-08-31,Albuquerque,NM,343360.0,2.49
2020-08-31,Albany,NY,315098.0,1.9
2020-08-31,Omaha,NE,332079.0,0.01
2020-08-31,New Haven,CT,348550.0,1.01
2020-08-31,Bakersfield,CA,289300.0,2.84
2020-08-31,Knoxville,TN,341667.0,3.02
2020-08-31,Greenville,SC,286425.0,0.65
2020-08-31,Ventura,CA,858466.0,2.83
2020-08-31,Allentown,PA,315476.0,2.36
2020-08-31,El Paso,TX,211090.0,1.22
2020-08-31,Baton Rouge,LA,264030.0,2.28
2020-08-31,Dayton,OH,219981.0,-1.25
2020-08-31,McAllen,TX,218600.0,1.71
2020-08-31,Columbia,SC,241923.0,1.06
2020-08-31,Greensboro,NC,291663.0,1.98
2020-08-31,Akron,OH,187333.0,1.65
2020-08-31,North Port-Sarasota-Bradenton,FL,380500.0,1.51
2020-08-31,Little Rock,AR,205919.0,-0.74
2020-08-31,Stockton,CA,452227.0,2.92
2020-08-31,Charleston,SC,396516.0,1.38
2020-08-31,Syracuse,NY,188590.0,0.15
2020-08-31,Colorado Springs,CO,488532.0,0.0
2020-08-31,Winston-Salem,NC,306346.0,0.5
2020-08-31,Wichita,KS,264367.0,1.31
2020-08-31,Springfield,MA,324087.0,1.96
2020-08-31,Fort Myers,FL,271774.0,0.71
2020-08-31,Boise City,ID,421627.0,2.02
2020-08-31,Toledo,OH,208233.0,4.06
2020-08-31,Madison,WI,351300.0,-0.93
2020-08-31,Lakeland,FL,247302.0,1.14
2020-08-31,Ogden,UT,441208.0,1.69
2020-08-31,Daytona Beach,FL,287833.0,0.82
2020-08-31,Des Moines,IA,275637.0,-0.15
2020-08-31,Provo,UT,460138.0,3.4
2020-08-31,Durham,NC,416606.0,2.39
2020-08-31,Fort Collins,CO,467715.0,0.44
2020-09-30,New York,NY,642633.0,2.12
2020-09-30,Los Angeles-Long Beach-Anaheim,CA,971000.0,1.36
2020-09-30,Chicago,IL,349967.0,0.33
2020-09-30,Dallas-Fort Worth,TX,359767.0,0.46
2020-09-30,Philadelphia,PA,336333.0,1.0
2020-09-30,Houston,TX,331506.0,1.29
2020-09-30,Washington,DC,548217.0,-0.5
2020-09-30,Miami-Fort Lauderdale,FL,401847.0,0.5
2020-09-30,Atlanta,GA,354667.0,0.98
2020-09-30,Boston,MA,649900.0,0.25
2020-09-30,San Francisco,CA,999167.0,0.05
2020-09-30,Detroit,MI,283300.0,-1.05
2020-09-30,Riverside,CA,471667.0,2.24
2020-09-30,Phoenix,AZ,399967.0,0.77
2020-09-30,Seattle,WA,664333.0,-1.04
2020-09-30,Minneapolis-St Paul,MN,386037.0,-1.76
2020-09-30,San Diego,CA,841267.0,0.0
2020-09-30,St. Louis,MO,257133.0,-0.71
2020-09-30,Tampa,FL,296854.0,1.43
2020-09-30,Baltimore,MD,361342.0,-0.91
2020-09-30,Denver,CO,543667.0,-1.15
2020-09-30,Pittsburgh,PA,234163.0,0.01
2020-09-30,Portland,OR,499937.0,0.8
2020-09-30,Charlotte,NC,369651.0,0.53
2020-09-30,Sacramento,CA,559663.0,2.19
2020-09-30,San Antonio,TX,299633.0,-0.1
2020-09-30,Orlando,FL,330633.0,0.7
2020-09-30,Cincinnati,OH,327533.0,-2.04
2020-09-30,Cleveland,OH,214300.0,-3.02
2020-09-30,Kansas City,MO,353317.0,-2.3
2020-09-30,Las Vegas,NV,344667.0,0.98
2020-09-30,Columbus,OH,329967.0,-3.41
2020-09-30,Indianapolis,IN,309997.0,-1.95
2020-09-30,San Jose,CA,1254983.0,-0.0
2020-09-30,Austin,TX,390720.0,1.8
2020-09-30,Virginia Beach,VA,316382.0,-0.07
2020-09-30,Nashville,TN,381567.0,0.87
2020-09-30,Providence,RI,422328.0,-0.81
2020-09-30,Milwaukee,WI,253267.0,-2.55
2020-09-30,Jacksonville,FL,317967.0,-0.42
2020-09-30,Memphis,TN,259967.0,-1.63
2020-09-30,Oklahoma City,OK,296683.0,-1.25
2020-09-30,Louisville-Jefferson County,KY,288932.0,-2.8
2020-09-30,Hartford,CT,345036.0,0.0
2020-09-30,Richmond,VA,382304.0,-0.28
2020-09-30,New Orleans,LA,296833.0,1.15
2020-09-30,Buffalo,NY,228296.0,-1.49
2020-09-30,Raleigh,NC,386899.0,0.97
2020-09-30,Birmingham,AL,277548.0,-1.68
2020-09-30,Salt Lake City,UT,498172.0,-0.28
2020-09-30,Rochester,NY,261472.0,-2.65
2020-09-30,Grand Rapids,MI,321600.0,-0.01
2020-09-30,Tucson,AZ,328300.0,-0.51
2020-09-30,Urban Honolulu,HI,600000.0,-1.37
2020-09-30,Tulsa,OK,273294.0,0.0
2020-09-30,Fresno,CA,389528.0,0.63
2020-09-30,Worcester,MA,381579.0,-0.08
2020-09-30,Stamford,CT,789978.0,-1.07
2020-09-30,Albuquerque,NM,343810.0,0.13
2020-09-30,Albany,NY,310359.0,-1.5
2020-09-30,Omaha,NE,327685.0,-1.32
2020-09-30,New Haven,CT,347154.0,-0.4
2020-09-30,Bakersfield,CA,297333.0,2.78
2020-09-30,Knoxville,TN,339967.0,-0.5
2020-09-30,Greenville,SC,284686.0,-0.61
2020-09-30,Ventura,CA,868300.0,1.15
2020-09-30,Allentown,PA,320247.0,1.51
2020-09-30,El Paso,TX,212851.0,0.83
2020-09-30,Baton Rouge,LA,268230.0,1.59
2020-09-30,Dayton,OH,216371.0,-1.64
2020-09-30,McAllen,TX,223000.0,2.01
2020-09-30,Columbia,SC,241955.0,0.01
2020-09-30,Greensboro,NC,288297.0,-1.15
2020-09-30,Akron,OH,184000.0,-1.78
2020-09-30,North Port-Sarasota-Bradenton,FL,382497.0,0.52
2020-09-30,Little Rock,AR,205950.0,0.02
2020-09-30,Stockton,CA,458325.0,1.35
2020-09-30,Charleston,SC,400110.0,0.91
2020-09-30,Syracuse,NY,188590.0,0.0
2020-09-30,Colorado Springs,CO,484042.0,-0.92
2020-09-30,Winston-Salem,NC,304016.0,-0.76
2020-09-30,Wichita,KS,252400.0,-4.53
2020-09-30,Springfield,MA,323279.0,-0.25
2020-09-30,Fort Myers,FL,270672.0,-0.41
2020-09-30,Boise City,ID,426657.0,1.19
2020-09-30,Toledo,OH,208250.0,0.01
2020-09-30,Madison,WI,343300.0,-2.28
2020-09-30,Lakeland,FL,250172.0,1.16
2020-09-30,Ogden,UT,444675.0,0.79
2020-09-30,Daytona Beach,FL,289618.0,0.62
2020-09-30,Des Moines,IA,272929.0,-0.98
2020-09-30,Provo,UT,473088.0,2.81
2020-09-30,Durham,NC,422351.0,1.38
2020-09-30,Fort Collins,CO,463148.0,-0.98
2020-10-31,New York,NY,649333.0,1.04
2020-10-31,Los Angeles-Long Beach-Anaheim,CA,975667.0,0.48
2020-10-31,Chicago,IL,349667.0,-0.09
2020-10-31,Dallas-Fort Worth,TX,359096.0,-0.19
2020-10-31,Philadelphia,PA,338000.0,0.5
2020-10-31,Houston,TX,335032.0,1.06
2020-10-31,Washington,DC,541517.0,-1.22
2020-10-31,Miami-Fort Lauderdale,FL,403608.0,0.44
2020-10-31,Atlanta,GA,356305.0,0.46
2020-10-31,Boston,MA,657598.0,1.18
2020-10-31,San Francisco,CA,999401.0,0.02
2020-10-31,Detroit,MI,278333.0,-1.75
2020-10-31,Riverside,CA,480000.0,1.77
2020-10-31,Phoenix,AZ,399967.0,0.0
2020-10-31,Seattle,WA,652667.0,-1.76
2020-10-31,Minneapolis-St Paul,MN,378104.0,-2.05
2020-10-31,San Diego,CA,832933.0,-0.99
2020-10-31,St. Louis,MO,255400.0,-0.67
2020-10-31,Tampa,FL,302651.0,1.95
2020-10-31,Baltimore,MD,356667.0,-1.29
2020-10-31,Denver,CO,532000.0,-2.15
2020-10-31,Pittsburgh,PA,234467.0,0.13
2020-10-31,Portland,OR,501002.0,0.21
2020-10-31,Charlotte,NC,369671.0,0.01
2020-10-31,Sacramento,CA,567163.0,1.34
2020-10-31,San Antonio,TX,297967.0,-0.56
2020-10-31,Orlando,FL,332133.0,0.45
2020-10-31,Cincinnati,OH,320833.0,-2.05
2020-10-31,Cleveland,OH,205933.0,-3.9
2020-10-31,Kansas City,MO,345000.0,-2.35
2020-10-31,Las Vegas,NV,346333.0,0.48
2020-10-31,Columbus,OH,322963.0,-2.12
2020-10-31,Indianapolis,IN,299630.0,-3.34
2020-10-31,San Jose,CA,1248317.0,-0.53
2020-10-31,Austin,TX,396668.0,1.52
2020-10-31,Virginia Beach,VA,315386.0,-0.31
2020-10-31,Nashville,TN,381600.0,0.01
2020-10-31,Providence,RI,411805.0,-2.49
2020-10-31,Milwaukee,WI,244933.0,-3.29
2020-10-31,Jacksonville,FL,314667.0,-1.04
2020-10-31,Memphis,TN,257967.0,-0.77
2020-10-31,Oklahoma City,OK,294322.0,-0.8
2020-10-31,Louisville-Jefferson County,KY,278928.0,-3.46
2020-10-31,Hartford,CT,341308.0,-1.08
2020-10-31,Richmond,VA,381750.0,-0.14
2020-10-31,New Orleans,LA,299000.0,0.73
2020-10-31,Buffalo,NY,225761.0,-1.11
2020-10-31,Raleigh,NC,389577.0,0.69
2020-10-31,Birmingham,AL,275062.0,-0.9
2020-10-31,Salt Lake City,UT,493883.0,-0.86
2020-10-31,Rochester,NY,252643.0,-3.38
2020-10-31,Grand Rapids,MI,319140.0,-0.76
2020-10-31,Tucson,AZ,323333.0,-1.51
2020-10-31,Urban Honolulu,HI,591333.0,-1.44
2020-10-31,Tulsa,OK,274041.0,0.27
2020-10-31,Fresno,CA,388155.0,-0.35
2020-10-31,Worcester,MA,382507.0,0.24
2020-10-31,Stamford,CT,779654.0,-1.31
2020-10-31,Albuquerque,NM,338793.0,-1.46
2020-10-31,Albany,NY,303710.0,-2.14
2020-10-31,Omaha,NE,324675.0,-0.92
2020-10-31,New Haven,CT,340175.0,-2.01
2020-10-31,Bakersfield,CA,304333.0,2.35
2020-10-31,Knoxville,TN,331300.0,-2.55
2020-10-31,Greenville,SC,285492.0,0.28
2020-10-31,Ventura,CA,871333.0,0.35
2020-10-31,Allentown,PA,320890.0,0.2
2020-10-31,El Paso,TX,213540.0,0.32
2020-10-31,Baton Rouge,LA,271697.0,1.29
2020-10-31,Dayton,OH,217199.0,0.38
2020-10-31,McAllen,TX,227330.0,1.94
2020-10-31,Columbia,SC,241065.0,-0.37
2020-10-31,Greensboro,NC,281133.0,-2.48
2020-10-31,Akron,OH,181300.0,-1.47
2020-10-31,North Port-Sarasota-Bradenton,FL,382330.0,-0.04
2020-10-31,Little Rock,AR,206689.0,0.36
2020-10-31,Stockton,CA,463425.0,1.11
2020-10-31,Charleston,SC,403337.0,0.81
2020-10-31,Syracuse,NY,189410.0,0.43
2020-10-31,Colorado Springs,CO,473265.0,-2.23
2020-10-31,Winston-Salem,NC,297183.0,-2.25
2020-10-31,Wichita,KS,240733.0,-4.62
2020-10-31,Springfield,MA,321116.0,-0.67
2020-10-31,Fort Myers,FL,270424.0,-0.09
2020-10-31,Boise City,ID,431627.0,1.16
2020-10-31,Toledo,OH,206583.0,-0.8
2020-10-31,Madison,WI,341667.0,-0.48
2020-10-31,Lakeland,FL,252124.0,0.78
2020-10-31,Ogden,UT,445833.0,0.26
2020-10-31,Daytona Beach,FL,290948.0,0.46
2020-10-31,Des Moines,IA,270957.0,-0.72
2020-10-31,Provo,UT,479224.0,1.3
2020-10-31,Durham,NC,426169.0,0.9
2020-10-31,Fort Collins,CO,456755.0,-1.38
2020-11-30,New York,NY,652667.0,0.51
2020-11-30,Los Angeles-Long Beach-Anaheim,CA,981000.0,0.55
2020-11-30,Chicago,IL,346278.0,-0.97
2020-11-30,Dallas-Fort Worth,TX,357563.0,-0.43
2020-11-30,Philadelphia,PA,336667.0,-0.39
2020-11-30,Houston,TX,337372.0,0.7
2020-11-30,Washington,DC,533215.0,-1.53
2020-11-30,Miami-Fort Lauderdale,FL,402392.0,-0.3
2020-11-30,Atlanta,GA,354638.0,-0.47
2020-11-30,Boston,MA,663965.0,0.97
2020-11-30,San Francisco,CA,999361.0,-0.0
2020-11-30,Detroit,MI,273300.0,-1.81
2020-11-30,Riverside,CA,485000.0,1.04
2020-11-30,Phoenix,AZ,399633.0,-0.08
2020-11-30,Seattle,WA,640000.0,-1.94
2020-11-30,Minneapolis-St Paul,MN,369481.0,-2.28
2020-11-30,San Diego,CA,816666.0,-1.95
2020-11-30,St. Louis,MO,253200.0,-0.86
2020-11-30,Tampa,FL,303002.0,0.12
2020-11-30,Baltimore,MD,351633.0,-1.41
2020-11-30,Denver,CO,520333.0,-2.19
2020-11-30,Pittsburgh,PA,234600.0,0.06
2020-11-30,Portland,OR,507029.0,1.2
2020-11-30,Charlotte,NC,370483.0,0.22
2020-11-30,Sacramento,CA,575463.0,1.46
2020-11-30,San Antonio,TX,294667.0,-1.11
2020-11-30,Orlando,FL,332133.0,0.0
2020-11-30,Cincinnati,OH,312933.0,-2.46
2020-11-30,Cleveland,OH,196600.0,-4.53
2020-11-30,Kansas City,MO,341633.0,-0.98
2020-11-30,Las Vegas,NV,347333.0,0.29
2020-11-30,Columbus,OH,321297.0,-0.52
2020-11-30,Indianapolis,IN,287633.0,-4.0
2020-11-30,San Jose,CA,1248317.0,0.0
2020-11-30,Austin,TX,401293.0,1.17
2020-11-30,Virginia Beach,VA,312056.0,-1.06
2020-11-30,Nashville,TN,381266.0,-0.09
2020-11-30,Providence,RI,400268.0,-2.8
2020-11-30,Milwaukee,WI,239933.0,-2.04
2020-11-30,Jacksonville,FL,309663.0,-1.59
2020-11-30,Memphis,TN,256663.0,-0.51
2020-11-30,Oklahoma City,OK,292948.0,-0.47
2020-11-30,Louisville-Jefferson County,KY,266297.0,-4.53
2020-11-30,Hartford,CT,336485.0,-1.41
2020-11-30,Richmond,VA,383515.0,0.46
2020-11-30,New Orleans,LA,299000.0,0.0
2020-11-30,Buffalo,NY,225253.0,-0.23
2020-11-30,Raleigh,NC,390601.0,0.26
2020-11-30,Birmingham,AL,273538.0,-0.55
2020-11-30,Salt Lake City,UT,497252.0,0.68
2020-11-30,Rochester,NY,245661.0,-2.76
2020-11-30,Grand Rapids,MI,319496.0,0.11
2020-11-30,Tucson,AZ,319844.0,-1.08
2020-11-30,Urban Honolulu,HI,591000.0,-0.06
2020-11-30,Tulsa,OK,274702.0,0.24
2020-11-30,Fresno,CA,388498.0,0.09
2020-11-30,Worcester,MA,385387.0,0.75
2020-11-30,Stamford,CT,763277.0,-2.1
2020-11-30,Albuquerque,NM,332113.0,-1.97
2020-11-30,Albany,NY,296792.0,-2.28
2020-11-30,Omaha,NE,321478.0,-0.98
2020-11-30,New Haven,CT,335953.0,-1.24
2020-11-30,Bakersfield,CA,307667.0,1.1
2020-11-30,Knoxville,TN,316267.0,-4.54
2020-11-30,Greenville,SC,284345.0,-0.4
2020-11-30,Ventura,CA,864333.0,-0.8
2020-11-30,Allentown,PA,321049.0,0.05
2020-11-30,El Paso,TX,219193.0,2.65
2020-11-30,Baton Rouge,LA,272100.0,0.15
2020-11-30,Dayton,OH,216172.0,-0.47
2020-11-30,McAllen,TX,230663.0,1.47
2020-11-30,Columbia,SC,240526.0,-0.22
2020-11-30,Greensboro,NC,270463.0,-3.8
2020-11-30,Akron,OH,174283.0,-3.87
2020-11-30,North Port-Sarasota-Bradenton,FL,381993.0,-0.09
2020-11-30,Little Rock,AR,210083.0,1.64
2020-11-30,Stockton,CA,463842.0,0.09
2020-11-30,Charleston,SC,405131.0,0.44
2020-11-30,Syracuse,NY,189109.0,-0.16
2020-11-30,Colorado Springs,CO,466077.0,-1.52
2020-11-30,Winston-Salem,NC,289461.0,-2.6
2020-11-30,Wichita,KS,230833.0,-4.11
2020-11-30,Springfield,MA,315820.0,-1.65
2020-11-30,Fort Myers,FL,270837.0,0.15
2020-11-30,Boise City,ID,443293.0,2.7
2020-11-30,Toledo,OH,194633.0,-5.78
2020-11-30,Madison,WI,343300.0,0.48
2020-11-30,Lakeland,FL,253464.0,0.53
2020-11-30,Ogden,UT,451942.0,1.37
2020-11-30,Daytona Beach,FL,292948.0,0.69
2020-11-30,Des Moines,IA,270390.0,-0.21
2020-11-30,Provo,UT,486834.0,1.59
2020-11-30,Durham,NC,425348.0,-0.19
2020-11-30,Fort Collins,CO,453537.0,-0.7
2020-12-31,New York,NY,658000.0,0.82
2020-12-31,Los Angeles-Long Beach-Anaheim,CA,991267.0,1.05
2020-12-31,Chicago,IL,340942.0,-1.54
2020-12-31,Dallas-Fort Worth,TX,354593.0,-0.83
2020-12-31,Philadelphia,PA,333333.0,-0.99
2020-12-31,Houston,TX,336120.0,-0.37
2020-12-31,Washington,DC,527141.0,-1.14
2020-12-31,Miami-Fort Lauderdale,FL,401143.0,-0.31
2020-12-31,Atlanta,GA,351605.0,-0.86
2020-12-31,Boston,MA,666998.0,0.46
2020-12-31,San Francisco,CA,995824.0,-0.35
2020-12-31,Detroit,MI,268267.0,-1.84
2020-12-31,Riverside,CA,490000.0,1.03
2020-12-31,Phoenix,AZ,399600.0,-0.01
2020-12-31,Seattle,WA,636650.0,-0.52
2020-12-31,Minneapolis-St Paul,MN,369446.0,-0.01
2020-12-31,San Diego,CA,816633.0,-0.0
2020-12-31,St. Louis,MO,249867.0,-1.32
2020-12-31,Tampa,FL,302359.0,-0.21
2020-12-31,Baltimore,MD,346600.0,-1.43
2020-12-31,Denver,CO,518333.0,-0.38
2020-12-31,Pittsburgh,PA,234600.0,0.0
2020-12-31,Portland,OR,513872.0,1.35
2020-12-31,Charlotte,NC,370962.0,0.13
2020-12-31,Sacramento,CA,580133.0,0.81
2020-12-31,San Antonio,TX,291443.0,-1.09
2020-12-31,Orlando,FL,331500.0,-0.19
2020-12-31,Cincinnati,OH,310567.0,-0.76
2020-12-31,Cleveland,OH,193133.0,-1.76
2020-12-31,Kansas City,MO,339933.0,-0.5
2020-12-31,Las Vegas,NV,347333.0,0.0
2020-12-31,Columbus,OH,324960.0,1.14
2020-12-31,Indianapolis,IN,279600.0,-2.79
2020-12-31,San Jose,CA,1231333.0,-1.36
2020-12-31,Austin,TX,401800.0,0.13
2020-12-31,Virginia Beach,VA,307633.0,-1.42
2020-12-31,Nashville,TN,379600.0,-0.44
2020-12-31,Providence,RI,396422.0,-0.96
2020-12-31,Milwaukee,WI,233267.0,-2.78
2020-12-31,Jacksonville,FL,306997.0,-0.86
2020-12-31,Memphis,TN,257993.0,0.52
2020-12-31,Oklahoma City,OK,291920.0,-0.35
2020-12-31,Louisville-Jefferson County,KY,259663.0,-2.49
2020-12-31,Hartford,CT,333065.0,-1.02
2020-12-31,Richmond,VA,387660.0,1.08
2020-12-31,New Orleans,LA,299000.0,0.0
2020-12-31,Buffalo,NY,224744.0,-0.23
2020-12-31,Raleigh,NC,390446.0,-0.04
2020-12-31,Birmingham,AL,276267.0,1.0
2020-12-31,Salt Lake City,UT,507889.0,2.14
2020-12-31,Rochester,NY,252785.0,2.9
2020-12-31,Grand Rapids,MI,322591.0,0.97
2020-12-31,Tucson,AZ,321511.0,0.52
2020-12-31,Urban Honolulu,HI,599333.0,1.41
2020-12-31,Tulsa,OK,274286.0,-0.15
2020-12-31,Fresno,CA,388498.0,0.0
2020-12-31,Worcester,MA,391300.0,1.53
2020-12-31,Stamford,CT,754377.0,-1.17
2020-12-31,Albuquerque,NM,327993.0,-1.24
2020-12-31,Albany,NY,295385.0,-0.47
2020-12-31,Omaha,NE,321197.0,-0.09
2020-12-31,New Haven,CT,327230.0,-2.6
2020-12-31,Bakersfield,CA,304667.0,-0.98
2020-12-31,Knoxville,TN,306267.0,-3.16
2020-12-31,Greenville,SC,281397.0,-1.04
2020-12-31,Ventura,CA,863663.0,-0.08
2020-12-31,Allentown,PA,322159.0,0.35
2020-12-31,El Paso,TX,223072.0,1.77
2020-12-31,Baton Rouge,LA,271233.0,-0.32
2020-12-31,Dayton,OH,213667.0,-1.16
2020-12-31,McAllen,TX,229330.0,-0.58
2020-12-31,Columbia,SC,242134.0,0.67
2020-12-31,Greensboro,NC,265497.0,-1.84
2020-12-31,Akron,OH,169283.0,-2.87
2020-12-31,North Port-Sarasota-Bradenton,FL,384997.0,0.79
2020-12-31,Little Rock,AR,211908.0,0.87
2020-12-31,Stockton,CA,468974.0,1.11
2020-12-31,Charleston,SC,408963.0,0.95
2020-12-31,Syracuse,NY,187429.0,-0.89
2020-12-31,Colorado Springs,CO,463024.0,-0.66
2020-12-31,Winston-Salem,NC,281461.0,-2.76
2020-12-31,Wichita,KS,229167.0,-0.72
2020-12-31,Springfield,MA,309800.0,-1.91
2020-12-31,Fort Myers,FL,270837.0,0.0
2020-12-31,Boise City,ID,452787.0,2.14
2020-12-31,Toledo,OH,187983.0,-3.42
2020-12-31,Madison,WI,351600.0,2.42
2020-12-31,Lakeland,FL,255614.0,0.85
2020-12-31,Ogden,UT,458800.0,1.52
2020-12-31,Daytona Beach,FL,294497.0,0.53
2020-12-31,Des Moines,IA,270846.0,0.17
2020-12-31,Provo,UT,494239.0,1.52
2020-12-31,Durham,NC,422312.0,-0.71
2020-12-31,Fort Collins,CO,454516.0,0.22
2021-01-31,New York,NY,664633.0,1.01
2021-01-31,Los Angeles-Long Beach-Anaheim,CA,997933.0,0.67
2021-01-31,Chicago,IL,332942.0,-2.35
2021-01-31,Dallas-Fort Worth,TX,352375.0,-0.63
2021-01-31,Philadelphia,PA,328300.0,-1.51
2021-01-31,Houston,TX,334279.0,-0.55
2021-01-31,Washington,DC,521175.0,-1.13
2021-01-31,Miami-Fort Lauderdale,FL,399854.0,-0.32
2021-01-31,Atlanta,GA,349933.0,-0.48
2021-01-31,Boston,MA,665667.0,-0.2
2021-01-31,San Francisco,CA,989227.0,-0.66
2021-01-31,Detroit,MI,264933.0,-1.24
2021-01-31,Riverside,CA,491667.0,0.34
2021-01-31,Phoenix,AZ,401963.0,0.59
2021-01-31,Seattle,WA,639983.0,0.52
2021-01-31,Minneapolis-St Paul,MN,370827.0,0.37
2021-01-31,San Diego,CA,817966.0,0.16
2021-01-31,St. Louis,MO,248300.0,-0.63
2021-01-31,Tampa,FL,300183.0,-0.72
2021-01-31,Baltimore,MD,341267.0,-1.54
2021-01-31,Denver,CO,523967.0,1.09
2021-01-31,Pittsburgh,PA,234300.0,-0.13
2021-01-31,Portland,OR,520920.0,1.37
2021-01-31,Charlotte,NC,370628.0,-0.09
2021-01-31,Sacramento,CA,587283.0,1.23
2021-01-31,San Antonio,TX,289743.0,-0.58
2021-01-31,Orlando,FL,329330.0,-0.65
2021-01-31,Cincinnati,OH,311133.0,0.18
2021-01-31,Cleveland,OH,191500.0,-0.85
2021-01-31,Kansas City,MO,342583.0,0.78
2021-01-31,Las Vegas,NV,346333.0,-0.29
2021-01-31,Columbus,OH,325297.0,0.1
2021-01-31,Indianapolis,IN,277298.0,-0.82
2021-01-31,San Jose,CA,1216296.0,-1.22
2021-01-31,Austin,TX,404463.0,0.66
2021-01-31,Virginia Beach,VA,302600.0,-1.64
2021-01-31,Nashville,TN,381267.0,0.44
2021-01-31,Providence,RI,396606.0,0.05
2021-01-31,Milwaukee,WI,228267.0,-2.14
2021-01-31,Jacksonville,FL,306993.0,-0.0
2021-01-31,Memphis,TN,253293.0,-1.82
2021-01-31,Oklahoma City,OK,291436.0,-0.17
2021-01-31,Louisville-Jefferson County,KY,256633.0,-1.17
2021-01-31,Hartford,CT,330505.0,-0.77
2021-01-31,Richmond,VA,392630.0,1.28
2021-01-31,New Orleans,LA,297633.0,-0.46
2021-01-31,Buffalo,NY,224109.0,-0.28
2021-01-31,Raleigh,NC,390613.0,0.04
2021-01-31,Birmingham,AL,277633.0,0.49
2021-01-31,Salt Lake City,UT,521309.0,2.64
2021-01-31,Rochester,NY,260865.0,3.2
2021-01-31,Grand Rapids,MI,328384.0,1.8
2021-01-31,Tucson,AZ,326511.0,1.56
2021-01-31,Urban Honolulu,HI,602667.0,0.56
2021-01-31,Tulsa,OK,272324.0,-0.72
2021-01-31,Fresno,CA,389820.0,0.34
2021-01-31,Worcester,MA,396267.0,1.27
2021-01-31,Stamford,CT,748019.0,-0.84
2021-01-31,Albuquerque,NM,331330.0,1.02
2021-01-31,Albany,NY,293878.0,-0.51
2021-01-31,Omaha,NE,320802.0,-0.12
2021-01-31,New Haven,CT,320606.0,-2.02
2021-01-31,Bakersfield,CA,297667.0,-2.3
2021-01-31,Knoxville,TN,299900.0,-2.08
2021-01-31,Greenville,SC,277763.0,-1.29
2021-01-31,Ventura,CA,865663.0,0.23
2021-01-31,Allentown,PA,323210.0,0.33
2021-01-31,El Paso,TX,228300.0,2.34
2021-01-31,Baton Rouge,LA,269600.0,-0.6
2021-01-31,Dayton,OH,212333.0,-0.62
2021-01-31,McAllen,TX,226000.0,-1.45
2021-01-31,Columbia,SC,243568.0,0.59
2021-01-31,Greensboro,NC,266163.0,0.25
2021-01-31,Akron,OH,162617.0,-3.94
2021-01-31,North Port-Sarasota-Bradenton,FL,386328.0,0.35
2021-01-31,Little Rock,AR,213878.0,0.93
2021-01-31,Stockton,CA,473151.0,0.89
2021-01-31,Charleston,SC,412930.0,0.97
2021-01-31,Syracuse,NY,182880.0,-2.43
2021-01-31,Colorado Springs,CO,462646.0,-0.08
2021-01-31,Winston-Salem,NC,278594.0,-1.02
2021-01-31,Wichita,KS,228300.0,-0.38
2021-01-31,Springfield,MA,302467.0,-2.37
2021-01-31,Fort Myers,FL,269978.0,-0.32
2021-01-31,Boise City,ID,460692.0,1.75
2021-01-31,Toledo,OH,182983.0,-2.66
2021-01-31,Madison,WI,359700.0,2.3
2021-01-31,Lakeland,FL,257810.0,0.86
2021-01-31,Ogden,UT,466167.0,1.61
2021-01-31,Daytona Beach,FL,296333.0,0.62
2021-01-31,Des Moines,IA,272593.0,0.65
2021-01-31,Provo,UT,503762.0,1.93
2021-01-31,Durham,NC,419120.0,-0.76
2021-01-31,Fort Collins,CO,457346.0,0.62
2021-02-28,New York,NY,669967.0,0.8
2021-02-28,Los Angeles-Long Beach-Anaheim,CA,999600.0,0.17
2021-02-28,Chicago,IL,332997.0,0.02
2021-02-28,Dallas-Fort Worth,TX,354042.0,0.47
2021-02-28,Philadelphia,PA,324967.0,-1.02
2021-02-28,Houston,TX,333337.0,-0.28
2021-02-28,Washington,DC,519506.0,-0.32
2021-02-28,Miami-Fort Lauderdale,FL,399867.0,0.0
2021-02-28,Atlanta,GA,351267.0,0.38
2021-02-28,Boston,MA,672633.0,1.05
2021-02-28,San Francisco,CA,984600.0,-0.47
2021-02-28,Detroit,MI,266633.0,0.64
2021-02-28,Riverside,CA,493333.0,0.34
2021-02-28,Phoenix,AZ,405297.0,0.83
2021-02-28,Seattle,WA,654983.0,2.34
2021-02-28,Minneapolis-St Paul,MN,379427.0,2.32
2021-02-28,San Diego,CA,834633.0,2.04
2021-02-28,St. Louis,MO,253300.0,2.01
2021-02-28,Tampa,FL,300705.0,0.17
2021-02-28,Baltimore,MD,342967.0,0.5
2021-02-28,Denver,CO,535633.0,2.23
2021-02-28,Pittsburgh,PA,237667.0,1.44
2021-02-28,Portland,OR,525750.0,0.93
2021-02-28,Charlotte,NC,372126.0,0.4
2021-02-28,Sacramento,CA,590317.0,0.52
2021-02-28,San Antonio,TX,291409.0,0.57
2021-02-28,Orlando,FL,328997.0,-0.1
2021-02-28,Cincinnati,OH,320300.0,2.95
2021-02-28,Cleveland,OH,199667.0,4.26
2021-02-28,Kansas City,MO,354267.0,3.41
2021-02-28,Las Vegas,NV,346333.0,0.0
2021-02-28,Columbus,OH,328993.0,1.14
2021-02-28,Indianapolis,IN,279598.0,0.83
2021-02-28,San Jose,CA,1216296.0,0.0
2021-02-28,Austin,TX,414297.0,2.43
2021-02-28,Virginia Beach,VA,299930.0,-0.88
2021-02-28,Nashville,TN,388680.0,1.94
2021-02-28,Providence,RI,407169.0,2.66
2021-02-28,Milwaukee,WI,226300.0,-0.86
2021-02-28,Jacksonville,FL,310963.0,1.29
2021-02-28,Memphis,TN,246297.0,-2.76
2021-02-28,Oklahoma City,OK,294489.0,1.05
2021-02-28,Louisville-Jefferson County,KY,261967.0,2.08
2021-02-28,Hartford,CT,332681.0,0.66
2021-02-28,Richmond,VA,396280.0,0.93
2021-02-28,New Orleans,LA,295133.0,-0.84
2021-02-28,Buffalo,NY,232855.0,3.9
2021-02-28,Raleigh,NC,394133.0,0.9
2021-02-28,Birmingham,AL,280100.0,0.89
2021-02-28,Salt Lake City,UT,528845.0,1.45
2021-02-28,Rochester,NY,274777.0,5.33
2021-02-28,Grand Rapids,MI,337995.0,2.93
2021-02-28,Tucson,AZ,334887.0,2.57
2021-02-28,Urban Honolulu,HI,586333.0,-2.71
2021-02-28,Tulsa,OK,270325.0,-0.73
2021-02-28,Fresno,CA,389406.0,-0.11
2021-02-28,Worcester,MA,399600.0,0.84
2021-02-28,Stamford,CT,782171.0,4.57
2021-02-28,Albuquerque,NM,336330.0,1.51
2021-02-28,Albany,NY,296072.0,0.75
2021-02-28,Omaha,NE,327140.0,1.98
2021-02-28,New Haven,CT,317980.0,-0.82
2021-02-28,Bakersfield,CA,291333.0,-2.13
2021-02-28,Knoxville,TN,299900.0,0.0
2021-02-28,Greenville,SC,278630.0,0.31
2021-02-28,Ventura,CA,899163.0,3.87
2021-02-28,Allentown,PA,329372.0,1.91
2021-02-28,El Paso,TX,228316.0,0.01
2021-02-28,Baton Rouge,LA,271267.0,0.62
2021-02-28,Dayton,OH,218000.0,2.67
2021-02-28,McAllen,TX,226000.0,0.0
2021-02-28,Columbia,SC,245633.0,0.85
2021-02-28,Greensboro,NC,269500.0,1.25
2021-02-28,Akron,OH,163300.0,0.42
2021-02-28,North Port-Sarasota-Bradenton,FL,392332.0,1.55
2021-02-28,Little Rock,AR,214425.0,0.26
2021-02-28,Stockton,CA,485366.0,2.58
2021-02-28,Charleston,SC,422133.0,2.23
2021-02-28,Syracuse,NY,182880.0,0.0
2021-02-28,Colorado Springs,CO,478772.0,3.49
2021-02-28,Winston-Salem,NC,278267.0,-0.12
2021-02-28,Wichita,KS,234950.0,2.91
2021-02-28,Springfield,MA,303967.0,0.5
2021-02-28,Fort Myers,FL,272723.0,1.02
2021-02-28,Boise City,ID,468999.0,1.8
2021-02-28,Toledo,OH,188300.0,2.91
2021-02-28,Madison,WI,366967.0,2.02
2021-02-28,Lakeland,FL,260621.0,1.09
2021-02-28,Ogden,UT,475500.0,2.0
2021-02-28,Daytona Beach,FL,299667.0,1.13
2021-02-28,Des Moines,IA,276460.0,1.42
2021-02-28,Provo,UT,506424.0,0.53
2021-02-28,Durham,NC,419797.0,0.16
2021-02-28,Fort Collins,CO,455591.0,-0.38
2021-03-31,New York,NY,673300.0,0.5
2021-03-31,Los Angeles-Long Beach-Anaheim,CA,1012933.0,1.33
2021-03-31,Chicago,IL,338300.0,1.59
2021-03-31,Dallas-Fort Worth,TX,360042.0,1.69
2021-03-31,Philadelphia,PA,326600.0,0.5
2021-03-31,Houston,TX,338337.0,1.5
2021-03-31,Washington,DC,519997.0,0.09
2021-03-31,Miami-Fort Lauderdale,FL,402547.0,0.67
2021-03-31,Atlanta,GA,357963.0,1.91
2021-03-31,Boston,MA,684633.0,1.78
2021-03-31,San Francisco,CA,984304.0,-0.03
2021-03-31,Detroit,MI,276633.0,3.75
2021-03-31,Riverside,CA,494967.0,0.33
2021-03-31,Phoenix,AZ,413660.0,2.06
2021-03-31,Seattle,WA,670000.0,2.29
2021-03-31,Minneapolis-St Paul,MN,387767.0,2.2
2021-03-31,San Diego,CA,843000.0,1.0
2021-03-31,St. Louis,MO,261633.0,3.29
2021-03-31,Tampa,FL,306715.0,2.0
2021-03-31,Baltimore,MD,352333.0,2.73
2021-03-31,Denver,CO,547300.0,2.18
2021-03-31,Pittsburgh,PA,244300.0,2.79
2021-03-31,Portland,OR,534650.0,1.69
2021-03-31,Charlotte,NC,377963.0,1.57
2021-03-31,Sacramento,CA,585650.0,-0.79
2021-03-31,San Antonio,TX,295133.0,1.28
2021-03-31,Orlando,FL,331597.0,0.79
2021-03-31,Cincinnati,OH,332212.0,3.72
2021-03-31,Cleveland,OH,213166.0,6.76
2021-03-31,Kansas City,MO,370367.0,4.54
2021-03-31,Las Vegas,NV,356333.0,2.89
2021-03-31,Columbus,OH,336663.0,2.33
2021-03-31,Indianapolis,IN,286962.0,2.63
2021-03-31,San Jose,CA,1239296.0,1.89
2021-03-31,Austin,TX,431993.0,4.27
2021-03-31,Virginia Beach,VA,302297.0,0.79
2021-03-31,Nashville,TN,398710.0,2.58
2021-03-31,Providence,RI,411300.0,1.01
2021-03-31,Milwaukee,WI,227933.0,0.72
2021-03-31,Jacksonville,FL,317963.0,2.25
2021-03-31,Memphis,TN,244933.0,-0.55
2021-03-31,Oklahoma City,OK,302167.0,2.61
2021-03-31,Louisville-Jefferson County,KY,270967.0,3.44
2021-03-31,Hartford,CT,339900.0,2.17
2021-03-31,Richmond,VA,400617.0,1.09
2021-03-31,New Orleans,LA,295433.0,0.1
2021-03-31,Buffalo,NY,243300.0,4.49
2021-03-31,Raleigh,NC,400100.0,1.51
2021-03-31,Birmingham,AL,282267.0,0.77
2021-03-31,Salt Lake City,UT,528333.0,-0.1
2021-03-31,Rochester,NY,280733.0,2.17
2021-03-31,Grand Rapids,MI,347567.0,2.83
2021-03-31,Tucson,AZ,348220.0,3.98
2021-03-31,Urban Honolulu,HI,576333.0,-1.71
2021-03-31,Tulsa,OK,281368.0,4.09
2021-03-31,Fresno,CA,392121.0,0.7
2021-03-31,Worcester,MA,399900.0,0.08
2021-03-31,Stamford,CT,812633.0,3.89
2021-03-31,Albuquerque,NM,345833.0,2.83
2021-03-31,Albany,NY,303267.0,2.43
2021-03-31,Omaha,NE,334100.0,2.13
2021-03-31,New Haven,CT,324933.0,2.19
2021-03-31,Bakersfield,CA,292966.0,0.56
2021-03-31,Knoxville,TN,306567.0,2.22
2021-03-31,Greenville,SC,285210.0,2.36
2021-03-31,Ventura,CA,923167.0,2.67
2021-03-31,Allentown,PA,337100.0,2.35
2021-03-31,El Paso,TX,231650.0,1.46
2021-03-31,Baton Rouge,LA,276297.0,1.85
2021-03-31,Dayton,OH,224833.0,3.13
2021-03-31,McAllen,TX,231000.0,2.21
2021-03-31,Columbia,SC,250100.0,1.82
2021-03-31,Greensboro,NC,276083.0,2.44
2021-03-31,Akron,OH,172967.0,5.92
2021-03-31,North Port-Sarasota-Bradenton,FL,403998.0,2.97
2021-03-31,Little Rock,AR,221000.0,3.07
2021-03-31,Stockton,CA,489892.0,0.93
2021-03-31,Charleston,SC,432830.0,2.53
2021-03-31,Syracuse,NY,184547.0,0.91
2021-03-31,Colorado Springs,CO,495493.0,3.49
2021-03-31,Winston-Salem,NC,280912.0,0.95
2021-03-31,Wichita,KS,243917.0,3.82
2021-03-31,Springfield,MA,317600.0,4.49
2021-03-31,Fort Myers,FL,374674.5714285714,37.38
2021-03-31,Boise City,ID,482842.0,2.95
2021-03-31,Toledo,OH,194633.0,3.36
2021-03-31,Madison,WI,370300.0,0.91
2021-03-31,Lakeland,FL,265598.0,1.91
2021-03-31,Ogden,UT,485467.0,2.1
2021-03-31,Daytona Beach,FL,304633.0,1.66
2021-03-31,Des Moines,IA,282427.0,2.16
2021-03-31,Provo,UT,504330.0,-0.41
2021-03-31,Durham,NC,428688.0,2.12
2021-03-31,Fort Collins,CO,451267.0,-0.95
2021-04-30,New York,NY,676333.0,0.45
2021-04-30,Los Angeles-Long Beach-Anaheim,CA,1019933.0,0.69
2021-04-30,Chicago,IL,346633.0,2.46
2021-04-30,Dallas-Fort Worth,TX,369597.0,2.65
2021-04-30,Philadelphia,PA,333300.0,2.05
2021-04-30,Houston,TX,345759.0,2.19
2021-04-30,Washington,DC,528236.0,1.58
2021-04-30,Miami-Fort Lauderdale,FL,410900.0,2.08
2021-04-30,Atlanta,GA,374163.0,4.53
2021-04-30,Boston,MA,694633.0,1.46
2021-04-30,San Francisco,CA,990333.0,0.61
2021-04-30,Detroit,MI,288300.0,4.22
2021-04-30,Riverside,CA,506633.0,2.36
2021-04-30,Phoenix,AZ,422997.0,2.26
2021-04-30,Seattle,WA,686650.0,2.49
2021-04-30,Minneapolis-St Paul,MN,392733.0,1.28
2021-04-30,San Diego,CA,856633.0,1.62
2021-04-30,St. Louis,MO,271600.0,3.81
2021-04-30,Tampa,FL,317827.0,3.62
2021-04-30,Baltimore,MD,362633.0,2.92
2021-04-30,Denver,CO,563460.0,2.95
2021-04-30,Pittsburgh,PA,252083.0,3.19
2021-04-30,Portland,OR,551317.0,3.12
2021-04-30,Charlotte,NC,387993.0,2.65
2021-04-30,Sacramento,CA,588663.0,0.51
2021-04-30,San Antonio,TX,301000.0,1.99
2021-04-30,Orlando,FL,338567.0,2.1
2021-04-30,Cincinnati,OH,346903.0,4.42
2021-04-30,Cleveland,OH,229163.0,7.5
2021-04-30,Kansas City,MO,384383.0,3.78
2021-04-30,Las Vegas,NV,374000.0,4.96
2021-04-30,Columbus,OH,345327.0,2.57
2021-04-30,Indianapolis,IN,294627.0,2.67
2021-04-30,San Jose,CA,1256000.0,1.35
2021-04-30,Austin,TX,455963.0,5.55
2021-04-30,Virginia Beach,VA,307330.0,1.66
2021-04-30,Nashville,TN,412040.0,3.34
2021-04-30,Providence,RI,417300.0,1.46
2021-04-30,Milwaukee,WI,232600.0,2.05
2021-04-30,Jacksonville,FL,328617.0,3.35
2021-04-30,Memphis,TN,248267.0,1.36
2021-04-30,Oklahoma City,OK,313333.0,3.7
2021-04-30,Louisville-Jefferson County,KY,280317.0,3.45
2021-04-30,Hartford,CT,348233.0,2.45
2021-04-30,Richmond,VA,401650.0,0.26
2021-04-30,New Orleans,LA,303767.0,2.82
2021-04-30,Buffalo,NY,258267.0,6.15
2021-04-30,Raleigh,NC,405933.0,1.46
2021-04-30,Birmingham,AL,288233.0,2.11
2021-04-30,Salt Lake City,UT,533300.0,0.94
2021-04-30,Rochester,NY,282400.0,0.59
2021-04-30,Grand Rapids,MI,356467.0,2.56
2021-04-30,Tucson,AZ,364553.0,4.69
2021-04-30,Urban Honolulu,HI,576333.0,0.0
2021-04-30,Tulsa,OK,293800.0,4.42
2021-04-30,Fresno,CA,401617.0,2.42
2021-04-30,Worcester,MA,399900.0,0.0
2021-04-30,Stamford,CT,829000.0,2.01
2021-04-30,Albuquerque,NM,352498.0,1.93
2021-04-30,Albany,NY,308233.0,1.64
2021-04-30,Omaha,NE,340133.0,1.81
2021-04-30,New Haven,CT,339900.0,4.61
2021-04-30,Bakersfield,CA,301631.0,2.96
2021-04-30,Knoxville,TN,328233.0,7.07
2021-04-30,Greenville,SC,298510.0,4.66
2021-04-30,Ventura,CA,943167.0,2.17
2021-04-30,Allentown,PA,344100.0,2.08
2021-04-30,El Paso,TX,234967.0,1.43
2021-04-30,Baton Rouge,LA,284985.0,3.14
2021-04-30,Dayton,OH,231467.0,2.95
2021-04-30,McAllen,TX,238333.0,3.17
2021-04-30,Columbia,SC,255567.0,2.19
2021-04-30,Greensboro,NC,282247.0,2.23
2021-04-30,Akron,OH,186333.0,7.73
2021-04-30,North Port-Sarasota-Bradenton,FL,421000.0,4.21
2021-04-30,Little Rock,AR,226000.0,2.26
2021-04-30,Stockton,CA,501559.0,2.38
2021-04-30,Charleston,SC,445530.0,2.93
2021-04-30,Syracuse,NY,191567.0,3.8
2021-04-30,Colorado Springs,CO,516376.0,4.21
2021-04-30,Winston-Salem,NC,282078.0,0.42
2021-04-30,Wichita,KS,248583.0,1.91
2021-04-30,Springfield,MA,338300.0,6.52
2021-04-30,Fort Myers,FL,374674.5714285714,0.0
2021-04-30,Boise City,ID,505223.0,4.64
2021-04-30,Toledo,OH,197950.0,1.7
2021-04-30,Madison,WI,371233.0,0.25
2021-04-30,Lakeland,FL,298767.0869565217,12.49
2021-04-30,Ogden,UT,499797.0,2.95
2021-04-30,Daytona Beach,FL,313300.0,2.85
2021-04-30,Des Moines,IA,290433.0,2.83
2021-04-30,Provo,UT,509630.0,1.05
2021-04-30,Durham,NC,447800.0,4.46
2021-04-30,Fort Collins,CO,451600.0,0.07
2021-05-31,New York,NY,676333.0,0.0
2021-05-31,Los Angeles-Long Beach-Anaheim,CA,1022798.0,0.28
2021-05-31,Chicago,IL,353267.0,1.91
2021-05-31,Dallas-Fort Worth,TX,379630.0,2.71
2021-05-31,Philadelphia,PA,339967.0,2.0
2021-05-31,Houston,TX,356748.0,3.18
2021-05-31,Washington,DC,534906.0,1.26
2021-05-31,Miami-Fort Lauderdale,FL,464076.0,12.94
2021-05-31,Atlanta,GA,389463.0,4.09
2021-05-31,Boston,MA,697967.0,0.48
2021-05-31,San Francisco,CA,993667.0,0.34
2021-05-31,Detroit,MI,298267.0,3.46
2021-05-31,Riverside,CA,520967.0,2.83
2021-05-31,Phoenix,AZ,436663.0,3.23
2021-05-31,Seattle,WA,698313.0,1.7
2021-05-31,Minneapolis-St Paul,MN,392900.0,0.04
2021-05-31,San Diego,CA,856633.0,0.0
2021-05-31,St. Louis,MO,273933.0,0.86
2021-05-31,Tampa,FL,333830.0,5.04
2021-05-31,Baltimore,MD,372600.0,2.75
2021-05-31,Denver,CO,580093.0,2.95
2021-05-31,Pittsburgh,PA,257050.0,1.97
2021-05-31,Portland,OR,573317.0,3.99
2021-05-31,Charlotte,NC,398663.0,2.75
2021-05-31,Sacramento,CA,598963.0,1.75
2021-05-31,San Antonio,TX,306330.0,1.77
2021-05-31,Orlando,FL,347200.0,2.55
2021-05-31,Cincinnati,OH,361103.0,4.09
2021-05-31,Cleveland,OH,237630.0,3.69
2021-05-31,Kansas City,MO,391967.0,1.97
2021-05-31,Las Vegas,NV,398000.0,6.42
2021-05-31,Columbus,OH,349997.0,1.35
2021-05-31,Indianapolis,IN,300063.0,1.85
2021-05-31,San Jose,CA,1272633.0,1.32
2021-05-31,Austin,TX,477297.0,4.68
2021-05-31,Virginia Beach,VA,310667.0,1.09
2021-05-31,Nashville,TN,424960.0,3.14
2021-05-31,Providence,RI,417267.0,-0.01
2021-05-31,Milwaukee,WI,239267.0,2.87
2021-05-31,Jacksonville,FL,340313.0,3.56
2021-05-31,Memphis,TN,256600.0,3.36
2021-05-31,Oklahoma City,OK,320933.0,2.43
2021-05-31,Louisville-Jefferson County,KY,288283.0,2.84
2021-05-31,Hartford,CT,351567.0,0.96
2021-05-31,Richmond,VA,401633.0,-0.0
2021-05-31,New Orleans,LA,314933.0,3.68
2021-05-31,Buffalo,NY,263300.0,1.95
2021-05-31,Raleigh,NC,410967.0,1.24
2021-05-31,Birmingham,AL,293767.0,1.92
2021-05-31,Salt Lake City,UT,544967.0,2.19
2021-05-31,Rochester,NY,273233.0,-3.25
2021-05-31,Grand Rapids,MI,364626.0,2.29
2021-05-31,Tucson,AZ,376333.0,3.23
2021-05-31,Urban Honolulu,HI,601333.0,4.34
2021-05-31,Tulsa,OK,306196.0,4.22
2021-05-31,Fresno,CA,415813.0,3.53
2021-05-31,Worcester,MA,399900.0,0.0
2021-05-31,Stamford,CT,820833.0,-0.99
2021-05-31,Albuquerque,NM,363030.0,2.99
2021-05-31,Albany,NY,307933.0,-0.1
2021-05-31,Omaha,NE,340133.0,0.0
2021-05-31,New Haven,CT,351567.0,3.43
2021-05-31,Bakersfield,CA,313298.0,3.87
2021-05-31,Knoxville,TN,348233.0,6.09
2021-05-31,Greenville,SC,309510.0,3.68
2021-05-31,Ventura,CA,946667.0,0.37
2021-05-31,Allentown,PA,347293.0,0.93
2021-05-31,El Paso,TX,241300.0,2.7
2021-05-31,Baton Rouge,LA,294682.0,3.4
2021-05-31,Dayton,OH,237467.0,2.59
2021-05-31,McAllen,TX,244667.0,2.66
2021-05-31,Columbia,SC,261400.0,2.28
2021-05-31,Greensboro,NC,288597.0,2.25
2021-05-31,Akron,OH,196333.0,5.37
2021-05-31,North Port-Sarasota-Bradenton,FL,437667.0,3.96
2021-05-31,Little Rock,AR,230967.0,2.2
2021-05-31,Stockton,CA,512283.0,2.14
2021-05-31,Charleston,SC,462330.0,3.77
2021-05-31,Syracuse,NY,199933.0,4.37
2021-05-31,Colorado Springs,CO,537425.0,4.08
2021-05-31,Winston-Salem,NC,283745.0,0.59
2021-05-31,Wichita,KS,243567.0,-2.02
2021-05-31,Springfield,MA,349966.0,3.45
2021-05-31,Fort Myers,FL,374674.5714285714,0.0
2021-05-31,Boise City,ID,528378.0,4.58
2021-05-31,Toledo,OH,196583.0,-0.69
2021-05-31,Madison,WI,373967.0,0.74
2021-05-31,Lakeland,FL,298767.0869565217,0.0
2021-05-31,Ogden,UT,513930.0,2.83
2021-05-31,Daytona Beach,FL,321600.0,2.65
2021-05-31,Des Moines,IA,300100.0,3.33
2021-05-31,Provo,UT,523283.0,2.68
2021-05-31,Durham,NC,464467.0,3.72
2021-05-31,Fort Collins,CO,461008.0,2.08
2021-06-30,New York,NY,669667.0,-0.99
2021-06-30,Los Angeles-Long Beach-Anaheim,CA,1009498.0,-1.3
2021-06-30,Chicago,IL,355267.0,0.57
2021-06-30,Dallas-Fort Worth,TX,388300.0,2.28
2021-06-30,Philadelphia,PA,345963.0,1.76
2021-06-30,Houston,TX,365748.0,2.52
2021-06-30,Washington,DC,540539.0,1.05
2021-06-30,Miami-Fort Lauderdale,FL,464076.0,0.0
2021-06-30,Atlanta,GA,400467.0,2.83
2021-06-30,Boston,MA,699300.0,0.19
2021-06-30,San Francisco,CA,996000.0,0.23
2021-06-30,Detroit,MI,301600.0,1.12
2021-06-30,Riverside,CA,534700.0,2.64
2021-06-30,Phoenix,AZ,447997.0,2.6
2021-06-30,Seattle,WA,705297.0,1.0
2021-06-30,Minneapolis-St Paul,MN,389600.0,-0.84
2021-06-30,San Diego,CA,856300.0,-0.04
2021-06-30,St. Louis,MO,272267.0,-0.61
2021-06-30,Tampa,FL,348000.0,4.24
2021-06-30,Baltimore,MD,374933.0,0.63
2021-06-30,Denver,CO,596615.0,2.85
2021-06-30,Pittsburgh,PA,257080.0,0.01
2021-06-30,Portland,OR,589633.0,2.85
2021-06-30,Charlotte,NC,405163.0,1.63
2021-06-30,Sacramento,CA,615597.0,2.78
2021-06-30,San Antonio,TX,316163.0,3.21
2021-06-30,Orlando,FL,358233.0,3.18
2021-06-30,Cincinnati,OH,365191.0,1.13
2021-06-30,Cleveland,OH,237297.0,-0.14
2021-06-30,Kansas City,MO,390900.0,-0.27
2021-06-30,Las Vegas,NV,417483.0,4.9
2021-06-30,Columbus,OH,348963.0,-0.3
2021-06-30,Indianapolis,IN,301066.0,0.33
2021-06-30,San Jose,CA,1283298.0,0.84
2021-06-30,Austin,TX,492963.0,3.28
2021-06-30,Virginia Beach,VA,310000.0,-0.21
2021-06-30,Nashville,TN,438297.0,3.14
2021-06-30,Providence,RI,428967.0,2.8
2021-06-30,Milwaukee,WI,239267.0,0.0
2021-06-30,Jacksonville,FL,347647.0,2.16
2021-06-30,Memphis,TN,259963.0,1.31
2021-06-30,Oklahoma City,OK,322300.0,0.43
2021-06-30,Louisville-Jefferson County,KY,290950.0,0.93
2021-06-30,Hartford,CT,346600.0,-1.41
2021-06-30,Richmond,VA,396600.0,-1.25
2021-06-30,New Orleans,LA,324633.0,3.08
2021-06-30,Buffalo,NY,261633.0,-0.63
2021-06-30,Raleigh,NC,414997.0,0.98
2021-06-30,Birmingham,AL,296267.0,0.85
2021-06-30,Salt Lake City,UT,559933.0,2.75
2021-06-30,Rochester,NY,261600.0,-4.26
2021-06-30,Grand Rapids,MI,371959.0,2.01
2021-06-30,Tucson,AZ,384333.0,2.13
2021-06-30,Urban Honolulu,HI,624667.0,3.88
2021-06-30,Tulsa,OK,301562.0,-1.51
2021-06-30,Fresno,CA,425980.0,2.45
2021-06-30,Worcester,MA,408267.0,2.09
2021-06-30,Stamford,CT,806167.0,-1.79
2021-06-30,Albuquerque,NM,368697.0,1.56
2021-06-30,Albany,NY,296267.0,-3.79
2021-06-30,Omaha,NE,333000.0,-2.1
2021-06-30,New Haven,CT,356567.0,1.42
2021-06-30,Bakersfield,CA,319998.0,2.14
2021-06-30,Knoxville,TN,358266.0,2.88
2021-06-30,Greenville,SC,319750.0,3.31
2021-06-30,Ventura,CA,931650.0,-1.59
2021-06-30,Allentown,PA,344930.0,-0.68
2021-06-30,El Paso,TX,247633.0,2.62
2021-06-30,Baton Rouge,LA,300348.0,1.92
2021-06-30,Dayton,OH,242130.0,1.96
2021-06-30,McAllen,TX,248667.0,1.63
2021-06-30,Columbia,SC,265400.0,1.53
2021-06-30,Greensboro,NC,293647.0,1.75
2021-06-30,Akron,OH,200000.0,1.87
2021-06-30,North Port-Sarasota-Bradenton,FL,451000.0,3.05
2021-06-30,Little Rock,AR,231633.0,0.29
2021-06-30,Stockton,CA,535650.0,4.56
2021-06-30,Charleston,SC,476583.0,3.08
2021-06-30,Syracuse,NY,208300.0,4.18
2021-06-30,Colorado Springs,CO,564933.0,5.12
2021-06-30,Winston-Salem,NC,286533.0,0.98
2021-06-30,Wichita,KS,232933.0,-4.37
2021-06-30,Springfield,MA,351666.0,0.49
2021-06-30,Fort Myers,FL,374674.5714285714,0.0
2021-06-30,Boise City,ID,550966.0,4.27
2021-06-30,Toledo,OH,193583.0,-1.53
2021-06-30,Madison,WI,377300.0,0.89
2021-06-30,Lakeland,FL,299801.0,0.35
2021-06-30,Ogden,UT,529863.0,3.1
2021-06-30,Daytona Beach,FL,331567.0,3.1
2021-06-30,Des Moines,IA,309025.0,2.97
2021-06-30,Provo,UT,541542.0,3.49
2021-06-30,Durham,NC,478433.0,3.01
2021-06-30,Fort Collins,CO,475192.0,3.08
2021-07-31,New York,NY,659667.0,-1.49
2021-07-31,Los Angeles-Long Beach-Anaheim,CA,998832.0,-1.06
2021-07-31,Chicago,IL,355263.0,-0.0
2021-07-31,Dallas-Fort Worth,TX,394663.0,1.64
2021-07-31,Philadelphia,PA,342597.0,-0.97
2021-07-31,Houston,TX,371980.0,1.7
2021-07-31,Washington,DC,537267.0,-0.61
2021-07-31,Miami-Fort Lauderdale,FL,464076.0,0.0
2021-07-31,Atlanta,GA,402633.0,0.54
2021-07-31,Boston,MA,694300.0,-0.72
2021-07-31,San Francisco,CA,983333.0,-1.27
2021-07-31,Detroit,MI,299233.0,-0.78
2021-07-31,Riverside,CA,543000.0,1.55
2021-07-31,Phoenix,AZ,458160.0,2.27
2021-07-31,Seattle,WA,705297.0,0.0
2021-07-31,Minneapolis-St Paul,MN,387933.0,-0.43
2021-07-31,San Diego,CA,849333.0,-0.81
2021-07-31,St. Louis,MO,265467.0,-2.5
2021-07-31,Tampa,FL,361333.0,3.83
2021-07-31,Baltimore,MD,374963.0,0.01
2021-07-31,Denver,CO,606488.0,1.65
2021-07-31,Pittsburgh,PA,249630.0,-2.9
2021-07-31,Portland,OR,594633.0,0.85
2021-07-31,Charlotte,NC,406833.0,0.41
2021-07-31,Sacramento,CA,623267.0,1.25
2021-07-31,San Antonio,TX,329997.0,4.38
2021-07-31,Orlando,FL,368597.0,2.89
2021-07-31,Cincinnati,OH,359630.0,-1.52
2021-07-31,Cleveland,OH,230967.0,-2.67
2021-07-31,Kansas City,MO,384217.0,-1.71
2021-07-31,Las Vegas,NV,427817.0,2.48
2021-07-31,Columbus,OH,346133.0,-0.81
2021-07-31,Indianapolis,IN,300703.0,-0.12
2021-07-31,San Jose,CA,1298298.0,1.17
2021-07-31,Austin,TX,502997.0,2.04
2021-07-31,Virginia Beach,VA,306623.0,-1.09
2021-07-31,Nashville,TN,449633.0,2.59
2021-07-31,Providence,RI,438300.0,2.18
2021-07-31,Milwaukee,WI,232633.0,-2.77
2021-07-31,Jacksonville,FL,350493.0,0.82
2021-07-31,Memphis,TN,261663.0,0.65
2021-07-31,Oklahoma City,OK,318797.0,-1.09
2021-07-31,Louisville-Jefferson County,KY,289933.0,-0.35
2021-07-31,Hartford,CT,338300.0,-2.39
2021-07-31,Richmond,VA,389917.0,-1.69
2021-07-31,New Orleans,LA,326333.0,0.52
2021-07-31,Buffalo,NY,254667.0,-2.66
2021-07-31,Raleigh,NC,419997.0,1.2
2021-07-31,Birmingham,AL,293633.0,-0.89
2021-07-31,Salt Lake City,UT,562771.0,0.51
2021-07-31,Rochester,NY,253267.0,-3.19
2021-07-31,Grand Rapids,MI,380425.0,2.28
2021-07-31,Tucson,AZ,385500.0,0.3
2021-07-31,Urban Honolulu,HI,653333.0,4.59
2021-07-31,Tulsa,OK,295396.0,-2.04
2021-07-31,Fresno,CA,426497.0,0.12
2021-07-31,Worcester,MA,411633.0,0.82
2021-07-31,Stamford,CT,783133.0,-2.86
2021-07-31,Albuquerque,NM,372032.0,0.9
2021-07-31,Albany,NY,286267.0,-3.38
2021-07-31,Omaha,NE,323000.0,-3.0
2021-07-31,New Haven,CT,351567.0,-1.4
2021-07-31,Bakersfield,CA,324500.0,1.41
2021-07-31,Knoxville,TN,348300.0,-2.78
2021-07-31,Greenville,SC,324750.0,1.56
2021-07-31,Ventura,CA,926650.0,-0.54
2021-07-31,Allentown,PA,339567.0,-1.55
2021-07-31,El Paso,TX,251650.0,1.62
2021-07-31,Baton Rouge,LA,301960.0,0.54
2021-07-31,Dayton,OH,243797.0,0.69
2021-07-31,McAllen,TX,251967.0,1.33
2021-07-31,Columbia,SC,269933.0,1.71
2021-07-31,Greensboro,NC,298950.0,1.81
2021-07-31,Akron,OH,199967.0,-0.02
2021-07-31,North Port-Sarasota-Bradenton,FL,463000.0,2.66
2021-07-31,Little Rock,AR,233300.0,0.72
2021-07-31,Stockton,CA,555650.0,3.73
2021-07-31,Charleston,SC,478252.0,0.35
2021-07-31,Syracuse,NY,208300.0,0.0
2021-07-31,Colorado Springs,CO,581633.0,2.96
2021-07-31,Winston-Salem,NC,291037.0,1.57
2021-07-31,Wichita,KS,224967.0,-3.42
2021-07-31,Springfield,MA,344966.0,-1.91
2021-07-31,Fort Myers,FL,392967.0,4.88
2021-07-31,Boise City,ID,560680.0,1.76
2021-07-31,Toledo,OH,191933.0,-0.85
2021-07-31,Madison,WI,378267.0,0.26
2021-07-31,Lakeland,FL,306801.0,2.33
2021-07-31,Ogden,UT,536500.0,1.25
2021-07-31,Daytona Beach,FL,336567.0,1.51
2021-07-31,Des Moines,IA,317358.0,2.7
2021-07-31,Provo,UT,549908.0,1.54
2021-07-31,Durham,NC,474967.0,-0.72
2021-07-31,Fort Collins,CO,488517.0,2.8
2021-08-31,New York,NY,647333.0,-1.87
2021-08-31,Los Angeles-Long Beach-Anaheim,CA,979267.0,-1.96
2021-08-31,Chicago,IL,348630.0,-1.87
2021-08-31,Dallas-Fort Worth,TX,397963.0,0.84
2021-08-31,Philadelphia,PA,337263.0,-1.56
2021-08-31,Houston,TX,372950.0,0.26
2021-08-31,Washington,DC,532267.0,-0.93
2021-08-31,Miami-Fort Lauderdale,FL,464076.0,0.0
2021-08-31,Atlanta,GA,402667.0,0.01
2021-08-31,Boston,MA,680667.0,-1.96
2021-08-31,San Francisco,CA,964667.0,-1.9
2021-08-31,Detroit,MI,289267.0,-3.33
2021-08-31,Riverside,CA,547000.0,0.74
2021-08-31,Phoenix,AZ,464493.0,1.38
2021-08-31,Seattle,WA,698300.0,-0.99
2021-08-31,Minneapolis-St Paul,MN,382967.0,-1.28
2021-08-31,San Diego,CA,847633.0,-0.2
2021-08-31,St. Louis,MO,258167.0,-2.75
2021-08-31,Tampa,FL,369986.0,2.39
2021-08-31,Baltimore,MD,367997.0,-1.86
2021-08-31,Denver,CO,610248.0,0.62
2021-08-31,Pittsburgh,PA,239330.0,-4.13
2021-08-31,Portland,OR,589300.0,-0.9
2021-08-31,Charlotte,NC,404333.0,-0.61
2021-08-31,Sacramento,CA,621633.0,-0.26
2021-08-31,San Antonio,TX,342667.0,3.84
2021-08-31,Orlando,FL,378630.0,2.72
2021-08-31,Cincinnati,OH,345627.0,-3.89
2021-08-31,Cleveland,OH,220967.0,-4.33
2021-08-31,Kansas City,MO,368993.0,-3.96
2021-08-31,Las Vegas,NV,437483.0,2.26
2021-08-31,Columbus,OH,341133.0,-1.44
2021-08-31,Indianapolis,IN,300298.0,-0.13
2021-08-31,San Jose,CA,1289998.0,-0.64
2021-08-31,Austin,TX,506538.0,0.7
2021-08-31,Virginia Beach,VA,303290.0,-1.09
2021-08-31,Nashville,TN,453000.0,0.75
2021-08-31,Providence,RI,443167.0,1.11
2021-08-31,Milwaukee,WI,220967.0,-5.01
2021-08-31,Jacksonville,FL,352160.0,0.48
2021-08-31,Memphis,TN,261663.0,0.0
2021-08-31,Oklahoma City,OK,313546.0,-1.65
2021-08-31,Louisville-Jefferson County,KY,284967.0,-1.71
2021-08-31,Hartford,CT,330000.0,-2.45
2021-08-31,Richmond,VA,383600.0,-1.62
2021-08-31,New Orleans,LA,324333.0,-0.61
2021-08-31,Buffalo,NY,244667.0,-3.93
2021-08-31,Raleigh,NC,423662.0,0.87
2021-08-31,Birmingham,AL,290633.0,-1.02
2021-08-31,Salt Lake City,UT,560771.0,-0.36
2021-08-31,Rochester,NY,244967.0,-3.28
2021-08-31,Grand Rapids,MI,382266.0,0.48
2021-08-31,Tucson,AZ,382467.0,-0.79
2021-08-31,Urban Honolulu,HI,678000.0,3.78
2021-08-31,Tulsa,OK,288989.0,-2.17
2021-08-31,Fresno,CA,424000.0,-0.59
2021-08-31,Worcester,MA,411666.0,0.01
2021-08-31,Stamford,CT,736083.0,-6.01
2021-08-31,Albuquerque,NM,372498.0,0.13
2021-08-31,Albany,NY,278267.0,-2.79
2021-08-31,Omaha,NE,315000.0,-2.48
2021-08-31,New Haven,CT,344900.0,-1.9
2021-08-31,Bakersfield,CA,322833.0,-0.51
2021-08-31,Knoxville,TN,341633.0,-1.91
2021-08-31,Greenville,SC,329583.0,1.49
2021-08-31,Ventura,CA,897650.0,-3.13
2021-08-31,Allentown,PA,332933.0,-1.95
2021-08-31,El Paso,TX,251967.0,0.13
2021-08-31,Baton Rouge,LA,300130.0,-0.61
2021-08-31,Dayton,OH,239430.0,-1.79
2021-08-31,McAllen,TX,255300.0,1.32
2021-08-31,Columbia,SC,272800.0,1.06
2021-08-31,Greensboro,NC,302567.0,1.21
2021-08-31,Akron,OH,199933.0,-0.02
2021-08-31,North Port-Sarasota-Bradenton,FL,471667.0,1.87
2021-08-31,Little Rock,AR,233333.0,0.01
2021-08-31,Stockton,CA,570000.0,2.58
2021-08-31,Charleston,SC,464559.0,-2.86
2021-08-31,Syracuse,NY,199300.0,-4.32
2021-08-31,Colorado Springs,CO,578487.0,-0.54
2021-08-31,Winston-Salem,NC,294637.0,1.24
2021-08-31,Wichita,KS,220000.0,-2.21
2021-08-31,Springfield,MA,338267.0,-1.94
2021-08-31,Fort Myers,FL,397966.0,1.27
2021-08-31,Boise City,ID,559188.0,-0.27
2021-08-31,Toledo,OH,186600.0,-2.78
2021-08-31,Madison,WI,376600.0,-0.44
2021-08-31,Lakeland,FL,311333.0,1.48
2021-08-31,Ogden,UT,537950.0,0.27
2021-08-31,Daytona Beach,FL,341600.0,1.5
2021-08-31,Des Moines,IA,319925.0,0.81
2021-08-31,Provo,UT,553588.0,0.67
2021-08-31,Durham,NC,474933.0,-0.01
2021-08-31,Fort Collins,CO,497442.0,1.83
2021-09-30,New York,NY,642000.0,-0.82
2021-09-30,Los Angeles-Long Beach-Anaheim,CA,959300.0,-2.04
2021-09-30,Chicago,IL,341630.0,-2.01
2021-09-30,Dallas-Fort Worth,TX,399630.0,0.42
2021-09-30,Philadelphia,PA,331267.0,-1.78
2021-09-30,Houston,TX,371797.0,-0.31
2021-09-30,Washington,DC,526633.0,-1.06
2021-09-30,Miami-Fort Lauderdale,FL,472667.0,1.85
2021-09-30,Atlanta,GA,401667.0,-0.25
2021-09-30,Boston,MA,672633.0,-1.18
2021-09-30,San Francisco,CA,942333.0,-2.32
2021-09-30,Detroit,MI,275933.0,-4.61
2021-09-30,Riverside,CA,549933.0,0.54
2021-09-30,Phoenix,AZ,468163.0,0.79
2021-09-30,Seattle,WA,694650.0,-0.52
2021-09-30,Minneapolis-St Paul,MN,378300.0,-1.22
2021-09-30,San Diego,CA,844300.0,-0.39
2021-09-30,St. Louis,MO,253133.0,-1.95
2021-09-30,Tampa,FL,376319.0,1.71
2021-09-30,Baltimore,MD,361330.0,-1.81
2021-09-30,Denver,CO,612060.0,0.3
2021-09-30,Pittsburgh,PA,231500.0,-3.27
2021-09-30,Portland,OR,581333.0,-1.35
2021-09-30,Charlotte,NC,403000.0,-0.33
2021-09-30,Sacramento,CA,619000.0,-0.42
2021-09-30,San Antonio,TX,348663.0,1.75
2021-09-30,Orlando,FL,384963.0,1.67
2021-09-30,Cincinnati,OH,335460.0,-2.94
2021-09-30,Cleveland,OH,211267.0,-4.39
2021-09-30,Kansas City,MO,358993.0,-2.71
2021-09-30,Las Vegas,NV,446300.0,2.02
2021-09-30,Columbus,OH,335490.0,-1.65
2021-09-30,Indianapolis,IN,302628.0,0.78
2021-09-30,San Jose,CA,1283333.0,-0.52
2021-09-30,Austin,TX,514229.0,1.52
2021-09-30,Virginia Beach,VA,302956.0,-0.11
2021-09-30,Nashville,TN,453330.0,0.07
2021-09-30,Providence,RI,438133.0,-1.14
2021-09-30,Milwaukee,WI,214333.0,-3.0
2021-09-30,Jacksonville,FL,357157.0,1.42
2021-09-30,Memphis,TN,263663.0,0.76
2021-09-30,Oklahoma City,OK,309546.0,-1.28
2021-09-30,Louisville-Jefferson County,KY,278933.0,-2.12
2021-09-30,Hartford,CT,326667.0,-1.01
2021-09-30,Richmond,VA,381950.0,-0.43
2021-09-30,New Orleans,LA,321000.0,-1.03
2021-09-30,Buffalo,NY,239633.0,-2.06
2021-09-30,Raleigh,NC,425632.0,0.46
2021-09-30,Birmingham,AL,289633.0,-0.34
2021-09-30,Salt Lake City,UT,552471.0,-1.48
2021-09-30,Rochester,NY,234966.0,-4.08
2021-09-30,Grand Rapids,MI,381133.0,-0.3
2021-09-30,Tucson,AZ,376233.0,-1.63
2021-09-30,Urban Honolulu,HI,693000.0,2.21
2021-09-30,Tulsa,OK,288489.0,-0.17
2021-09-30,Fresno,CA,425000.0,0.24
2021-09-30,Worcester,MA,403333.0,-2.02
2021-09-30,Stamford,CT,698867.0,-5.06
2021-09-30,Albuquerque,NM,373390.0,0.24
2021-09-30,Albany,NY,274933.0,-1.2
2021-09-30,Omaha,NE,311500.0,-1.11
2021-09-30,New Haven,CT,338267.0,-1.92
2021-09-30,Bakersfield,CA,322833.0,0.0
2021-09-30,Knoxville,TN,339967.0,-0.49
2021-09-30,Greenville,SC,332600.0,0.92
2021-09-30,Ventura,CA,894300.0,-0.37
2021-09-30,Allentown,PA,336300.0,1.01
2021-09-30,El Paso,TX,251633.0,-0.13
2021-09-30,Baton Rouge,LA,299300.0,-0.28
2021-09-30,Dayton,OH,234600.0,-2.02
2021-09-30,McAllen,TX,256300.0,0.39
2021-09-30,Columbia,SC,277133.0,1.59
2021-09-30,Greensboro,NC,302900.0,0.11
2021-09-30,Akron,OH,196567.0,-1.68
2021-09-30,North Port-Sarasota-Bradenton,FL,480319.0,1.83
2021-09-30,Little Rock,AR,231500.0,-0.79
2021-09-30,Stockton,CA,571667.0,0.29
2021-09-30,Charleston,SC,444172.0,-4.39
2021-09-30,Syracuse,NY,187600.0,-5.87
2021-09-30,Colorado Springs,CO,563453.0,-2.6
2021-09-30,Winston-Salem,NC,297536.0,0.98
2021-09-30,Wichita,KS,218333.0,-0.76
2021-09-30,Springfield,MA,329933.0,-2.46
2021-09-30,Fort Myers,FL,406000.0,2.02
2021-09-30,Boise City,ID,551567.0,-1.36
2021-09-30,Toledo,OH,179267.0,-3.93
2021-09-30,Madison,WI,373267.0,-0.89
2021-09-30,Lakeland,FL,315213.0,1.25
2021-09-30,Ogden,UT,536217.0,-0.32
2021-09-30,Daytona Beach,FL,344966.0,0.99
2021-09-30,Des Moines,IA,319367.0,-0.17
2021-09-30,Provo,UT,552313.0,-0.23
2021-09-30,Durham,NC,471633.0,-0.69
2021-09-30,Fort Collins,CO,518225.0,4.18
2021-10-31,New York,NY,640667.0,-0.21
2021-10-31,Los Angeles-Long Beach-Anaheim,CA,946633.0,-1.32
2021-10-31,Chicago,IL,334933.0,-1.96
2021-10-31,Dallas-Fort Worth,TX,399967.0,0.08
2021-10-31,Philadelphia,PA,329633.0,-0.49
2021-10-31,Houston,TX,371902.0,0.03
2021-10-31,Washington,DC,525997.0,-0.12
2021-10-31,Miami-Fort Lauderdale,FL,479333.0,1.41
2021-10-31,Atlanta,GA,400000.0,-0.42
2021-10-31,Boston,MA,671300.0,-0.2
2021-10-31,San Francisco,CA,930667.0,-1.24
2021-10-31,Detroit,MI,261600.0,-5.19
2021-10-31,Riverside,CA,550697.0,0.14
2021-10-31,Phoenix,AZ,471333.0,0.68
2021-10-31,Seattle,WA,693000.0,-0.24
2021-10-31,Minneapolis-St Paul,MN,373333.0,-1.31
2021-10-31,San Diego,CA,844300.0,0.0
2021-10-31,St. Louis,MO,247633.0,-2.17
2021-10-31,Tampa,FL,379986.0,0.97
2021-10-31,Baltimore,MD,354000.0,-2.03
2021-10-31,Denver,CO,615360.0,0.54
2021-10-31,Pittsburgh,PA,226833.0,-2.02
2021-10-31,Portland,OR,574667.0,-1.15
2021-10-31,Charlotte,NC,406333.0,0.83
2021-10-31,Sacramento,CA,618663.0,-0.05
2021-10-31,San Antonio,TX,348178.0,-0.14
2021-10-31,Orlando,FL,391300.0,1.65
2021-10-31,Cincinnati,OH,330597.0,-1.45
2021-10-31,Cleveland,OH,201567.0,-4.59
2021-10-31,Kansas City,MO,355677.0,-0.92
2021-10-31,Las Vegas,NV,459300.0,2.91
2021-10-31,Columbus,OH,332990.0,-0.75
2021-10-31,Indianapolis,IN,304328.0,0.56
2021-10-31,San Jose,CA,1276667.0,-0.52
2021-10-31,Austin,TX,518893.0,0.91
2021-10-31,Virginia Beach,VA,301333.0,-0.54
2021-10-31,Nashville,TN,456163.0,0.62
2021-10-31,Providence,RI,436433.0,-0.39
2021-10-31,Milwaukee,WI,209633.0,-2.19
2021-10-31,Jacksonville,FL,362293.0,1.44
2021-10-31,Memphis,TN,267330.0,1.39
2021-10-31,Oklahoma City,OK,305276.0,-1.38
2021-10-31,Louisville-Jefferson County,KY,274967.0,-1.42
2021-10-31,Hartford,CT,324667.0,-0.61
2021-10-31,Richmond,VA,385267.0,0.87
2021-10-31,New Orleans,LA,321000.0,0.0
2021-10-31,Buffalo,NY,233267.0,-2.66
2021-10-31,Raleigh,NC,425632.0,0.0
2021-10-31,Birmingham,AL,294133.0,1.55
2021-10-31,Salt Lake City,UT,548000.0,-0.81
2021-10-31,Rochester,NY,224708.0,-4.37
2021-10-31,Grand Rapids,MI,374800.0,-1.66
2021-10-31,Tucson,AZ,370447.0,-1.54
2021-10-31,Urban Honolulu,HI,691333.0,-0.24
2021-10-31,Tulsa,OK,288789.0,0.1
2021-10-31,Fresno,CA,431667.0,1.57
2021-10-31,Worcester,MA,399666.0,-0.91
2021-10-31,Stamford,CT,682200.0,-2.38
2021-10-31,Albuquerque,NM,381723.0,2.23
2021-10-31,Albany,NY,269933.0,-1.82
2021-10-31,Omaha,NE,311858.0,0.11
2021-10-31,New Haven,CT,336600.0,-0.49
2021-10-31,Bakersfield,CA,323300.0,0.14
2021-10-31,Knoxville,TN,338267.0,-0.5
2021-10-31,Greenville,SC,330967.0,-0.49
2021-10-31,Ventura,CA,893967.0,-0.04
2021-10-31,Allentown,PA,339667.0,1.0
2021-10-31,El Paso,TX,252950.0,0.52
2021-10-31,Baton Rouge,LA,299333.0,0.01
2021-10-31,Dayton,OH,227933.0,-2.84
2021-10-31,McAllen,TX,258000.0,0.66
2021-10-31,Columbia,SC,280433.0,1.19
2021-10-31,Greensboro,NC,303567.0,0.22
2021-10-31,Akron,OH,189933.0,-3.37
2021-10-31,North Port-Sarasota-Bradenton,FL,490316.0,2.08
2021-10-31,Little Rock,AR,229833.0,-0.72
2021-10-31,Stockton,CA,563333.0,-1.46
2021-10-31,Charleston,SC,435637.0,-1.92
2021-10-31,Syracuse,NY,180933.0,-3.55
2021-10-31,Colorado Springs,CO,558117.0,-0.95
2021-10-31,Winston-Salem,NC,300628.0,1.04
2021-10-31,Wichita,KS,221667.0,1.53
2021-10-31,Springfield,MA,319600.0,-3.13
2021-10-31,Fort Myers,FL,421633.0,3.85
2021-10-31,Boise City,ID,548233.0,-0.6
2021-10-31,Toledo,OH,170933.0,-4.65
2021-10-31,Madison,WI,373233.0,-0.01
2021-10-31,Lakeland,FL,319913.0,1.49
2021-10-31,Ogden,UT,534550.0,-0.31
2021-10-31,Daytona Beach,FL,351133.0,1.79
2021-10-31,Des Moines,IA,316487.0,-0.9
2021-10-31,Provo,UT,552280.0,-0.01
2021-10-31,Durham,NC,474967.0,0.71
2021-10-31,Fort Collins,CO,534933.0,3.22
2021-11-30,New York,NY,644333.0,0.57
2021-11-30,Los Angeles-Long Beach-Anaheim,CA,946667.0,0.0
2021-11-30,Chicago,IL,329933.0,-1.49
2021-11-30,Dallas-Fort Worth,TX,403667.0,0.93
2021-11-30,Philadelphia,PA,329633.0,0.0
2021-11-30,Houston,TX,372302.0,0.11
2021-11-30,Washington,DC,526993.0,0.19
2021-11-30,Miami-Fort Lauderdale,FL,487667.0,1.74
2021-11-30,Atlanta,GA,399999.0,-0.0
2021-11-30,Boston,MA,676633.0,0.79
2021-11-30,San Francisco,CA,917333.0,-1.43
2021-11-30,Detroit,MI,249833.0,-4.5
2021-11-30,Riverside,CA,550731.0,0.01
2021-11-30,Phoenix,AZ,474967.0,0.77
2021-11-30,Seattle,WA,691650.0,-0.19
2021-11-30,Minneapolis-St Paul,MN,373333.0,0.0
2021-11-30,San Diego,CA,846000.0,0.2
2021-11-30,St. Louis,MO,244267.0,-1.36
2021-11-30,Tampa,FL,386917.0,1.82
2021-11-30,Baltimore,MD,347667.0,-1.79
2021-11-30,Denver,CO,619967.0,0.75
2021-11-30,Pittsburgh,PA,223500.0,-1.47
2021-11-30,Portland,OR,572963.0,-0.3
2021-11-30,Charlotte,NC,409667.0,0.82
2021-11-30,Sacramento,CA,621996.0,0.54
2021-11-30,San Antonio,TX,345145.0,-0.87
2021-11-30,Orlando,FL,395617.0,1.1
2021-11-30,Cincinnati,OH,328933.0,-0.5
2021-11-30,Cleveland,OH,197600.0,-1.97
2021-11-30,Kansas City,MO,361665.0,1.68
2021-11-30,Las Vegas,NV,468367.0,1.97
2021-11-30,Columbus,OH,337823.0,1.45
2021-11-30,Indianapolis,IN,307330.0,0.99
2021-11-30,San Jose,CA,1255000.0,-1.7
2021-11-30,Austin,TX,523588.0,0.9
2021-11-30,Virginia Beach,VA,301333.0,0.0
2021-11-30,Nashville,TN,462497.0,1.39
2021-11-30,Providence,RI,433233.0,-0.73
2021-11-30,Milwaukee,WI,204933.0,-2.24
2021-11-30,Jacksonville,FL,366280.0,1.1
2021-11-30,Memphis,TN,269330.0,0.75
2021-11-30,Oklahoma City,OK,305588.0,0.1
2021-11-30,Louisville-Jefferson County,KY,271630.0,-1.21
2021-11-30,Hartford,CT,324667.0,0.0
2021-11-30,Richmond,VA,391283.0,1.56
2021-11-30,New Orleans,LA,324333.0,1.04
2021-11-30,Buffalo,NY,231567.0,-0.73
2021-11-30,Raleigh,NC,426530.0,0.21
2021-11-30,Birmingham,AL,298766.0,1.58
2021-11-30,Salt Lake City,UT,545000.0,-0.55
2021-11-30,Rochester,NY,219375.0,-2.37
2021-11-30,Grand Rapids,MI,372133.0,-0.71
2021-11-30,Tucson,AZ,368447.0,-0.54
2021-11-30,Urban Honolulu,HI,684000.0,-1.06
2021-11-30,Tulsa,OK,286883.0,-0.66
2021-11-30,Fresno,CA,439967.0,1.92
2021-11-30,Worcester,MA,399333.0,-0.08
2021-11-30,Stamford,CT,697417.0,2.23
2021-11-30,Albuquerque,NM,387055.0,1.4
2021-11-30,Albany,NY,265767.0,-1.54
2021-11-30,Omaha,NE,315192.0,1.07
2021-11-30,New Haven,CT,336600.0,0.0
2021-11-30,Bakersfield,CA,333133.0,3.04
2021-11-30,Knoxville,TN,334933.0,-0.99
2021-11-30,Greenville,SC,326833.0,-1.25
2021-11-30,Ventura,CA,902633.0,0.97
2021-11-30,Allentown,PA,343000.0,0.98
2021-11-30,El Paso,TX,255967.0,1.19
2021-11-30,Baton Rouge,LA,305467.0,2.05
2021-11-30,Dayton,OH,223130.0,-2.11
2021-11-30,McAllen,TX,258217.0,0.08
2021-11-30,Columbia,SC,285100.0,1.66
2021-11-30,Greensboro,NC,308567.0,1.65
2021-11-30,Akron,OH,184800.0,-2.7
2021-11-30,North Port-Sarasota-Bradenton,FL,507282.0,3.46
2021-11-30,Little Rock,AR,228167.0,-0.72
2021-11-30,Stockton,CA,561333.0,-0.36
2021-11-30,Charleston,SC,430963.0,-1.07
2021-11-30,Syracuse,NY,178100.0,-1.57
2021-11-30,Colorado Springs,CO,556263.0,-0.33
2021-11-30,Winston-Salem,NC,304029.0,1.13
2021-11-30,Wichita,KS,228333.0,3.01
2021-11-30,Springfield,MA,309633.0,-3.12
2021-11-30,Fort Myers,FL,438300.0,3.95
2021-11-30,Boise City,ID,548267.0,0.01
2021-11-30,Toledo,OH,164267.0,-3.9
2021-11-30,Madison,WI,374900.0,0.45
2021-11-30,Lakeland,FL,324483.0,1.43
2021-11-30,Ogden,UT,533133.0,-0.27
2021-11-30,Daytona Beach,FL,355047.0,1.11
2021-11-30,Des Moines,IA,317439.0,0.3
2021-11-30,Provo,UT,552280.0,0.0
2021-11-30,Durham,NC,475000.0,0.01
2021-11-30,Fort Collins,CO,552967.0,3.37
2021-12-31,New York,NY,647967.0,0.56
2021-12-31,Los Angeles-Long Beach-Anaheim,CA,950000.0,0.35
2021-12-31,Chicago,IL,324133.0,-1.76
2021-12-31,Dallas-Fort Worth,TX,410167.0,1.61
2021-12-31,Philadelphia,PA,326333.0,-1.0
2021-12-31,Houston,TX,372118.0,-0.05
2021-12-31,Washington,DC,528627.0,0.31
2021-12-31,Miami-Fort Lauderdale,FL,494667.0,1.44
2021-12-31,Atlanta,GA,399966.0,-0.01
2021-12-31,Boston,MA,684667.0,1.19
2021-12-31,San Francisco,CA,907333.0,-1.09
2021-12-31,Detroit,MI,238167.0,-4.67
2021-12-31,Riverside,CA,550764.0,0.01
2021-12-31,Phoenix,AZ,478300.0,0.7
2021-12-31,Seattle,WA,686633.0,-0.73
2021-12-31,Minneapolis-St Paul,MN,378300.0,1.33
2021-12-31,San Diego,CA,849665.0,0.43
2021-12-31,St. Louis,MO,242633.0,-0.67
2021-12-31,Tampa,FL,393583.0,1.72
2021-12-31,Baltimore,MD,342633.0,-1.45
2021-12-31,Denver,CO,626630.0,1.07
2021-12-31,Pittsburgh,PA,218000.0,-2.46
2021-12-31,Portland,OR,572963.0,0.0
2021-12-31,Charlotte,NC,410000.0,0.08
2021-12-31,Sacramento,CA,629630.0,1.23
2021-12-31,San Antonio,TX,342719.0,-0.7
2021-12-31,Orlando,FL,398950.0,0.84
2021-12-31,Cincinnati,OH,330130.0,0.36
2021-12-31,Cleveland,OH,194967.0,-1.33
2021-12-31,Kansas City,MO,373748.0,3.34
2021-12-31,Las Vegas,NV,478400.0,2.14
2021-12-31,Columbus,OH,346500.0,2.57
2021-12-31,Indianapolis,IN,311302.0,1.29
2021-12-31,San Jose,CA,1228000.0,-2.15
2021-12-31,Austin,TX,523900.0,0.06
2021-12-31,Virginia Beach,VA,300000.0,-0.44
2021-12-31,Nashville,TN,466272.0,0.82
2021-12-31,Providence,RI,431600.0,-0.38
2021-12-31,Milwaukee,WI,198267.0,-3.25
2021-12-31,Jacksonville,FL,368613.0,0.64
2021-12-31,Memphis,TN,267333.0,-0.74
2021-12-31,Oklahoma City,OK,310479.0,1.6
2021-12-31,Louisville-Jefferson County,KY,270997.0,-0.23
2021-12-31,Hartford,CT,329633.0,1.53
2021-12-31,Richmond,VA,401297.0,2.56
2021-12-31,New Orleans,LA,327333.0,0.92
2021-12-31,Buffalo,NY,229859.0,-0.74
2021-12-31,Raleigh,NC,427511.0,0.23
2021-12-31,Birmingham,AL,300999.0,0.75
2021-12-31,Salt Lake City,UT,555000.0,1.83
2021-12-31,Rochester,NY,216042.0,-1.52
2021-12-31,Grand Rapids,MI,376233.0,1.1
2021-12-31,Tucson,AZ,368343.0,-0.03
2021-12-31,Urban Honolulu,HI,670667.0,-1.95
2021-12-31,Tulsa,OK,283983.0,-1.01
2021-12-31,Fresno,CA,449967.0,2.27
2021-12-31,Worcester,MA,396000.0,-0.83
2021-12-31,Stamford,CT,715967.0,2.66
2021-12-31,Albuquerque,NM,389313.0,0.58
2021-12-31,Albany,NY,264100.0,-0.63
2021-12-31,Omaha,NE,330688.0,4.92
2021-12-31,New Haven,CT,336567.0,-0.01
2021-12-31,Bakersfield,CA,343117.0,3.0
2021-12-31,Knoxville,TN,331600.0,-1.0
2021-12-31,Greenville,SC,323000.0,-1.17
2021-12-31,Ventura,CA,906000.0,0.37
2021-12-31,Allentown,PA,343300.0,0.09
2021-12-31,El Paso,TX,259408.0,1.34
2021-12-31,Baton Rouge,LA,313967.0,2.78
2021-12-31,Dayton,OH,221797.0,-0.6
2021-12-31,McAllen,TX,258547.0,0.13
2021-12-31,Columbia,SC,288827.0,1.31
2021-12-31,Greensboro,NC,318233.0,3.13
2021-12-31,Akron,OH,178133.0,-3.61
2021-12-31,North Port-Sarasota-Bradenton,FL,521753.0,2.85
2021-12-31,Little Rock,AR,224967.0,-1.4
2021-12-31,Stockton,CA,569583.0,1.47
2021-12-31,Charleston,SC,431433.0,0.11
2021-12-31,Syracuse,NY,176433.0,-0.94
2021-12-31,Colorado Springs,CO,562930.0,1.2
2021-12-31,Winston-Salem,NC,305496.0,0.48
2021-12-31,Wichita,KS,238333.0,4.38
2021-12-31,Springfield,MA,305600.0,-1.3
2021-12-31,Fort Myers,FL,448600.0,2.35
2021-12-31,Boise City,ID,556600.0,1.52
2021-12-31,Toledo,OH,158233.0,-3.67
2021-12-31,Madison,WI,381567.0,1.78
2021-12-31,Lakeland,FL,329035.0,1.4
2021-12-31,Ogden,UT,537216.0,0.77
2021-12-31,Daytona Beach,FL,355080.0,0.01
2021-12-31,Des Moines,IA,320773.0,1.05
2021-12-31,Provo,UT,563627.0,2.05
2021-12-31,Durham,NC,472253.0,-0.58
2021-12-31,Fort Collins,CO,565083.0,2.19
2022-01-31,New York,NY,655967.0,1.23
2022-01-31,Los Angeles-Long Beach-Anaheim,CA,958333.0,0.88
2022-01-31,Chicago,IL,320133.0,-1.23
2022-01-31,Dallas-Fort Worth,TX,417500.0,1.79
2022-01-31,Philadelphia,PA,321333.0,-1.53
2022-01-31,Houston,TX,371030.0,-0.29
2022-01-31,Washington,DC,533541.0,0.93
2022-01-31,Miami-Fort Lauderdale,FL,505000.0,2.09
2022-01-31,Atlanta,GA,399300.0,-0.17
2022-01-31,Boston,MA,691300.0,0.97
2022-01-31,San Francisco,CA,898667.0,-0.96
2022-01-31,Detroit,MI,226500.0,-4.9
2022-01-31,Riverside,CA,550000.0,-0.14
2022-01-31,Phoenix,AZ,482967.0,0.98
2022-01-31,Seattle,WA,690297.0,0.53
2022-01-31,Minneapolis-St Paul,MN,389297.0,2.91
2022-01-31,San Diego,CA,858331.0,1.02
2022-01-31,St. Louis,MO,244800.0,0.89
2022-01-31,Tampa,FL,398550.0,1.26
2022-01-31,Baltimore,MD,336633.0,-1.75
2022-01-31,Denver,CO,632488.0,0.93
2022-01-31,Pittsburgh,PA,211333.0,-3.06
2022-01-31,Portland,OR,579628.0,1.16
2022-01-31,Charlotte,NC,407000.0,-0.73
2022-01-31,Sacramento,CA,638266.0,1.37
2022-01-31,San Antonio,TX,343537.0,0.24
2022-01-31,Orlando,FL,402583.0,0.91
2022-01-31,Cincinnati,OH,336963.0,2.07
2022-01-31,Cleveland,OH,191667.0,-1.69
2022-01-31,Kansas City,MO,391998.0,4.88
2022-01-31,Las Vegas,NV,488734.0,2.16
2022-01-31,Columbus,OH,354800.0,2.4
2022-01-31,Indianapolis,IN,316302.0,1.61
2022-01-31,San Jose,CA,1236000.0,0.65
2022-01-31,Austin,TX,525233.0,0.25
2022-01-31,Virginia Beach,VA,301663.0,0.55
2022-01-31,Nashville,TN,463439.0,-0.61
2022-01-31,Providence,RI,434933.0,0.77
2022-01-31,Milwaukee,WI,194933.0,-1.68
2022-01-31,Jacksonville,FL,371647.0,0.82
2022-01-31,Memphis,TN,260333.0,-2.62
2022-01-31,Oklahoma City,OK,321698.0,3.61
2022-01-31,Louisville-Jefferson County,KY,271663.0,0.25
2022-01-31,Hartford,CT,337967.0,2.53
2022-01-31,Richmond,VA,412980.0,2.91
2022-01-31,New Orleans,LA,329000.0,0.51
2022-01-31,Buffalo,NY,228226.0,-0.71
2022-01-31,Raleigh,NC,428175.0,0.16
2022-01-31,Birmingham,AL,295167.0,-1.94
2022-01-31,Salt Lake City,UT,572551.0,3.16
2022-01-31,Rochester,NY,218000.0,0.91
2022-01-31,Grand Rapids,MI,389144.0,3.43
2022-01-31,Tucson,AZ,371630.0,0.89
2022-01-31,Urban Honolulu,HI,664000.0,-0.99
2022-01-31,Tulsa,OK,287349.0,1.19
2022-01-31,Fresno,CA,453300.0,0.74
2022-01-31,Worcester,MA,393000.0,-0.76
2022-01-31,Stamford,CT,756000.0,5.59
2022-01-31,Albuquerque,NM,390313.0,0.26
2022-01-31,Albany,NY,262433.0,-0.63
2022-01-31,Omaha,NE,355330.0,7.45
2022-01-31,New Haven,CT,338233.0,0.49
2022-01-31,Bakersfield,CA,346483.0,0.98
2022-01-31,Knoxville,TN,338267.0,2.01
2022-01-31,Greenville,SC,324633.0,0.51
2022-01-31,Ventura,CA,912667.0,0.74
2022-01-31,Allentown,PA,348348.0,1.47
2022-01-31,El Paso,TX,262925.0,1.36
2022-01-31,Baton Rouge,LA,325933.0,3.81
2022-01-31,Dayton,OH,225163.0,1.52
2022-01-31,McAllen,TX,258212.0,-0.13
2022-01-31,Columbia,SC,292527.0,1.28
2022-01-31,Greensboro,NC,327930.0,3.05
2022-01-31,Akron,OH,171133.0,-3.93
2022-01-31,North Port-Sarasota-Bradenton,FL,533390.0,2.23
2022-01-31,Little Rock,AR,223267.0,-0.76
2022-01-31,Stockton,CA,583543.0,2.45
2022-01-31,Charleston,SC,438297.0,1.59
2022-01-31,Syracuse,NY,171433.0,-2.83
2022-01-31,Colorado Springs,CO,571551.0,1.53
2022-01-31,Winston-Salem,NC,306067.0,0.19
2022-01-31,Wichita,KS,246633.0,3.48
2022-01-31,Springfield,MA,310967.0,1.76
2022-01-31,Fort Myers,FL,449967.0,0.3
2022-01-31,Boise City,ID,575267.0,3.35
2022-01-31,Toledo,OH,151567.0,-4.21
2022-01-31,Madison,WI,390967.0,2.46
2022-01-31,Lakeland,FL,333702.0,1.42
2022-01-31,Ogden,UT,550416.0,2.46
2022-01-31,Daytona Beach,FL,355247.0,0.05
2022-01-31,Des Moines,IA,327351.0,2.05
2022-01-31,Provo,UT,586960.0,4.14
2022-01-31,Durham,NC,471253.0,-0.21
2022-01-31,Fort Collins,CO,568383.0,0.58
2022-02-28,New York,NY,668967.0,1.98
2022-02-28,Los Angeles-Long Beach-Anaheim,CA,973333.0,1.57
2022-02-28,Chicago,IL,321183.0,0.33
2022-02-28,Dallas-Fort Worth,TX,423800.0,1.51
2022-02-28,Philadelphia,PA,316667.0,-1.45
2022-02-28,Houston,TX,372830.0,0.49
2022-02-28,Washington,DC,544211.0,2.0
2022-02-28,Miami-Fort Lauderdale,FL,523300.0,3.62
2022-02-28,Atlanta,GA,397633.0,-0.42
2022-02-28,Boston,MA,713632.0,3.23
2022-02-28,San Francisco,CA,912333.0,1.52
2022-02-28,Detroit,MI,216567.0,-4.39
2022-02-28,Riverside,CA,551633.0,0.3
2022-02-28,Phoenix,AZ,488000.0,1.04
2022-02-28,Seattle,WA,711647.0,3.09
2022-02-28,Minneapolis-St Paul,MN,402802.0,3.47
2022-02-28,San Diego,CA,874665.0,1.9
2022-02-28,St. Louis,MO,251500.0,2.74
2022-02-28,Tampa,FL,406300.0,1.94
2022-02-28,Baltimore,MD,333300.0,-0.99
2022-02-28,Denver,CO,640821.0,1.32
2022-02-28,Pittsburgh,PA,208300.0,-1.44
2022-02-28,Portland,OR,586665.0,1.21
2022-02-28,Charlotte,NC,403667.0,-0.82
2022-02-28,Sacramento,CA,649263.0,1.72
2022-02-28,San Antonio,TX,351567.0,2.34
2022-02-28,Orlando,FL,410597.0,1.99
2022-02-28,Cincinnati,OH,348297.0,3.36
2022-02-28,Cleveland,OH,184000.0,-4.0
2022-02-28,Kansas City,MO,410833.0,4.8
2022-02-28,Las Vegas,NV,501667.0,2.65
2022-02-28,Columbus,OH,361600.0,1.92
2022-02-28,Indianapolis,IN,322633.0,2.0
2022-02-28,San Jose,CA,1282667.0,3.78
2022-02-28,Austin,TX,533997.0,1.67
2022-02-28,Virginia Beach,VA,305830.0,1.38
2022-02-28,Nashville,TN,470439.0,1.51
2022-02-28,Providence,RI,441633.0,1.54
2022-02-28,Milwaukee,WI,193300.0,-0.84
2022-02-28,Jacksonville,FL,378510.0,1.85
2022-02-28,Memphis,TN,249967.0,-3.98
2022-02-28,Oklahoma City,OK,336219.0,4.51
2022-02-28,Louisville-Jefferson County,KY,278000.0,2.33
2022-02-28,Hartford,CT,349300.0,3.35
2022-02-28,Richmond,VA,423280.0,2.49
2022-02-28,New Orleans,LA,331958.0,0.9
2022-02-28,Buffalo,NY,228092.0,-0.06
2022-02-28,Raleigh,NC,430278.0,0.49
2022-02-28,Birmingham,AL,280500.0,-4.97
2022-02-28,Salt Lake City,UT,589217.0,2.91
2022-02-28,Rochester,NY,221633.0,1.67
2022-02-28,Grand Rapids,MI,406844.0,4.55
2022-02-28,Tucson,AZ,377333.0,1.53
2022-02-28,Urban Honolulu,HI,670000.0,0.9
2022-02-28,Tulsa,OK,299917.0,4.37
2022-02-28,Fresno,CA,441667.0,-2.57
2022-02-28,Worcester,MA,395000.0,0.51
2022-02-28,Stamford,CT,821333.0,8.64
2022-02-28,Albuquerque,NM,393650.0,0.85
2022-02-28,Albany,NY,264900.0,0.94
2022-02-28,Omaha,NE,380327.0,7.03
2022-02-28,New Haven,CT,341267.0,0.9
2022-02-28,Bakersfield,CA,345983.0,-0.14
2022-02-28,Knoxville,TN,353300.0,4.44
2022-02-28,Greenville,SC,333814.0,2.83
2022-02-28,Ventura,CA,921333.0,0.95
2022-02-28,Allentown,PA,351648.0,0.95
2022-02-28,El Paso,TX,266258.0,1.27
2022-02-28,Baton Rouge,LA,333633.0,2.36
2022-02-28,Dayton,OH,236666.0,5.11
2022-02-28,McAllen,TX,258295.0,0.03
2022-02-28,Columbia,SC,297160.0,1.58
2022-02-28,Greensboro,NC,336430.0,2.59
2022-02-28,Akron,OH,168967.0,-1.27
2022-02-28,North Port-Sarasota-Bradenton,FL,549756.0,3.07
2022-02-28,Little Rock,AR,223267.0,0.0
2022-02-28,Stockton,CA,593876.0,1.77
2022-02-28,Charleston,SC,457963.0,4.49
2022-02-28,Syracuse,NY,175767.0,2.53
2022-02-28,Colorado Springs,CO,581585.0,1.76
2022-02-28,Winston-Salem,NC,309097.0,0.99
2022-02-28,Wichita,KS,256300.0,3.92
2022-02-28,Springfield,MA,310967.0,0.0
2022-02-28,Fort Myers,FL,463300.0,2.96
2022-02-28,Boise City,ID,608600.0,5.79
2022-02-28,Toledo,OH,145600.0,-3.94
2022-02-28,Madison,WI,400667.0,2.48
2022-02-28,Lakeland,FL,340600.0,2.07
2022-02-28,Ogden,UT,572717.0,4.05
2022-02-28,Daytona Beach,FL,362667.0,2.09
2022-02-28,Des Moines,IA,336995.0,2.95
2022-02-28,Provo,UT,622963.0,6.13
2022-02-28,Durham,NC,479553.0,1.76
2022-02-28,Fort Collins,CO,560167.0,-1.45
2022-03-31,New York,NY,685000.0,2.4
2022-03-31,Los Angeles-Long Beach-Anaheim,CA,990000.0,1.71
2022-03-31,Chicago,IL,328650.0,2.32
2022-03-31,Dallas-Fort Worth,TX,436633.0,3.03
2022-03-31,Philadelphia,PA,315000.0,-0.53
2022-03-31,Houston,TX,379167.0,1.7
2022-03-31,Washington,DC,559244.0,2.76
2022-03-31,Miami-Fort Lauderdale,FL,549630.0,5.03
2022-03-31,Atlanta,GA,397667.0,0.01
2022-03-31,Boston,MA,733632.0,2.8
2022-03-31,San Francisco,CA,942629.0,3.32
2022-03-31,Detroit,MI,214933.0,-0.75
2022-03-31,Riverside,CA,559967.0,1.51
2022-03-31,Phoenix,AZ,494633.0,1.36
2022-03-31,Seattle,WA,747880.0,5.09
2022-03-31,Minneapolis-St Paul,MN,414468.0,2.9
2022-03-31,San Diego,CA,896667.0,2.52
2022-03-31,St. Louis,MO,259800.0,3.3
2022-03-31,Tampa,FL,416633.0,2.54
2022-03-31,Baltimore,MD,336667.0,1.01
2022-03-31,Denver,CO,654158.0,2.08
2022-03-31,Pittsburgh,PA,208300.0,0.0
2022-03-31,Portland,OR,594965.0,1.41
2022-03-31,Charlotte,NC,405500.0,0.45
2022-03-31,Sacramento,CA,655963.0,1.03
2022-03-31,San Antonio,TX,361330.0,2.78
2022-03-31,Orlando,FL,425152.0,3.54
2022-03-31,Cincinnati,OH,359600.0,3.25
2022-03-31,Cleveland,OH,180000.0,-2.17
2022-03-31,Kansas City,MO,423733.0,3.14
2022-03-31,Las Vegas,NV,513333.0,2.33
2022-03-31,Columbus,OH,366267.0,1.29
2022-03-31,Indianapolis,IN,326298.0,1.14
2022-03-31,San Jose,CA,1359667.0,6.0
2022-03-31,Austin,TX,556993.0,4.31
2022-03-31,Virginia Beach,VA,312497.0,2.18
2022-03-31,Nashville,TN,489333.0,4.02
2022-03-31,Providence,RI,453267.0,2.63
2022-03-31,Milwaukee,WI,196600.0,1.71
2022-03-31,Jacksonville,FL,392845.0,3.79
2022-03-31,Memphis,TN,241633.0,-3.33
2022-03-31,Oklahoma City,OK,351328.0,4.49
2022-03-31,Louisville-Jefferson County,KY,286333.0,3.0
2022-03-31,Hartford,CT,355967.0,1.91
2022-03-31,Richmond,VA,419783.0,-0.83
2022-03-31,New Orleans,LA,334292.0,0.7
2022-03-31,Buffalo,NY,231467.0,1.48
2022-03-31,Raleigh,NC,440701.0,2.42
2022-03-31,Birmingham,AL,264967.0,-5.54
2022-03-31,Salt Lake City,UT,605884.0,2.83
2022-03-31,Rochester,NY,224933.0,1.49
2022-03-31,Grand Rapids,MI,421911.0,3.7
2022-03-31,Tucson,AZ,387337.0,2.65
2022-03-31,Urban Honolulu,HI,691667.0,3.23
2022-03-31,Tulsa,OK,315040.0,5.04
2022-03-31,Fresno,CA,431633.0,-2.27
2022-03-31,Worcester,MA,406667.0,2.95
2022-03-31,Stamford,CT,874666.0,6.49
2022-03-31,Albuquerque,NM,405317.0,2.96
2022-03-31,Albany,NY,269900.0,1.89
2022-03-31,Omaha,NE,393993.0,3.59
2022-03-31,New Haven,CT,354600.0,3.91
2022-03-31,Bakersfield,CA,350667.0,1.35
2022-03-31,Knoxville,TN,366633.0,3.77
2022-03-31,Greenville,SC,342480.0,2.6
2022-03-31,Ventura,CA,945904.0,2.67
2022-03-31,Allentown,PA,356982.0,1.52
2022-03-31,El Paso,TX,270830.0,1.72
2022-03-31,Baton Rouge,LA,338633.0,1.5
2022-03-31,Dayton,OH,248333.0,4.93
2022-03-31,McAllen,TX,259628.0,0.52
2022-03-31,Columbia,SC,303295.0,2.06
2022-03-31,Greensboro,NC,343597.0,2.13
2022-03-31,Akron,OH,177333.0,4.95
2022-03-31,North Port-Sarasota-Bradenton,FL,574967.0,4.59
2022-03-31,Little Rock,AR,228300.0,2.25
2022-03-31,Stockton,CA,612293.0,3.1
2022-03-31,Charleston,SC,484630.0,5.82
2022-03-31,Syracuse,NY,180767.0,2.84
2022-03-31,Colorado Springs,CO,591585.0,1.72
2022-03-31,Winston-Salem,NC,318497.0,3.04
2022-03-31,Wichita,KS,264300.0,3.12
2022-03-31,Springfield,MA,314967.0,1.29
2022-03-31,Fort Myers,FL,486667.0,5.04
2022-03-31,Boise City,ID,641933.0,5.48
2022-03-31,Toledo,OH,148967.0,2.31
2022-03-31,Madison,WI,409000.0,2.08
2022-03-31,Lakeland,FL,348633.0,2.36
2022-03-31,Ogden,UT,586717.0,2.44
2022-03-31,Daytona Beach,FL,375833.0,3.63
2022-03-31,Des Moines,IA,347962.0,3.25
2022-03-31,Provo,UT,659967.0,5.94
2022-03-31,Durham,NC,502300.0,4.74
2022-03-31,Fort Collins,CO,548050.0,-2.16
2022-04-30,New York,NY,695000.0,1.46
2022-04-30,Los Angeles-Long Beach-Anaheim,CA,998333.0,0.84
2022-04-30,Chicago,IL,339317.0,3.25
2022-04-30,Dallas-Fort Worth,TX,453963.0,3.97
2022-04-30,Philadelphia,PA,318333.0,1.06
2022-04-30,Houston,TX,388833.0,2.55
2022-04-30,Washington,DC,575667.0,2.94
2022-04-30,Miami-Fort Lauderdale,FL,576297.0,4.85
2022-04-30,Atlanta,GA,403333.0,1.42
2022-04-30,Boston,MA,749998.0,2.23
2022-04-30,San Francisco,CA,975629.0,3.5
2022-04-30,Detroit,MI,223300.0,3.89
2022-04-30,Riverside,CA,576333.0,2.92
2022-04-30,Phoenix,AZ,505300.0,2.16
2022-04-30,Seattle,WA,787550.0,5.3
2022-04-30,Minneapolis-St Paul,MN,421772.0,1.76
2022-04-30,San Diego,CA,921333.0,2.75
2022-04-30,St. Louis,MO,264800.0,1.92
2022-04-30,Tampa,FL,432300.0,3.76
2022-04-30,Baltimore,MD,348300.0,3.46
2022-04-30,Denver,CO,673333.0,2.93
2022-04-30,Pittsburgh,PA,213300.0,2.4
2022-04-30,Portland,OR,598267.0,0.55
2022-04-30,Charlotte,NC,410163.0,1.15
2022-04-30,Sacramento,CA,662663.0,1.02
2022-04-30,San Antonio,TX,369663.0,2.31
2022-04-30,Orlando,FL,440852.0,3.69
2022-04-30,Cincinnati,OH,365967.0,1.77
2022-04-30,Cleveland,OH,180833.0,0.46
2022-04-30,Kansas City,MO,427150.0,0.81
2022-04-30,Las Vegas,NV,521667.0,1.62
2022-04-30,Columbus,OH,367967.0,0.46
2022-04-30,Indianapolis,IN,329632.0,1.02
2022-04-30,San Jose,CA,1409667.0,3.68
2022-04-30,Austin,TX,584330.0,4.91
2022-04-30,Virginia Beach,VA,320833.0,2.67
2022-04-30,Nashville,TN,518667.0,5.99
2022-04-30,Providence,RI,466600.0,2.94
2022-04-30,Milwaukee,WI,201633.0,2.56
2022-04-30,Jacksonville,FL,411845.0,4.84
2022-04-30,Memphis,TN,241633.0,0.0
2022-04-30,Oklahoma City,OK,359515.0,2.33
2022-04-30,Louisville-Jefferson County,KY,291997.0,1.98
2022-04-30,Hartford,CT,356267.0,0.08
2022-04-30,Richmond,VA,416466.0,-0.79
2022-04-30,New Orleans,LA,333958.0,-0.1
2022-04-30,Buffalo,NY,236433.0,2.15
2022-04-30,Raleigh,NC,456705.0,3.63
2022-04-30,Birmingham,AL,255633.0,-3.52
2022-04-30,Salt Lake City,UT,631967.0,4.3
2022-04-30,Rochester,NY,216567.0,-3.72
2022-04-30,Grand Rapids,MI,431333.0,2.23
2022-04-30,Tucson,AZ,402170.0,3.83
2022-04-30,Urban Honolulu,HI,721667.0,4.34
2022-04-30,Tulsa,OK,330123.0,4.79
2022-04-30,Fresno,CA,431300.0,-0.08
2022-04-30,Worcester,MA,421667.0,3.69
2022-04-30,Stamford,CT,901000.0,3.01
2022-04-30,Albuquerque,NM,414317.0,2.22
2022-04-30,Albany,NY,276567.0,2.47
2022-04-30,Omaha,NE,392657.0,-0.34
2022-04-30,New Haven,CT,360467.0,1.65
2022-04-30,Bakersfield,CA,364000.0,3.8
2022-04-30,Knoxville,TN,379966.0,3.64
2022-04-30,Greenville,SC,352147.0,2.82
2022-04-30,Ventura,CA,947904.0,0.21
2022-04-30,Allentown,PA,358067.0,0.3
2022-04-30,El Paso,TX,274080.0,1.2
2022-04-30,Baton Rouge,LA,336633.0,-0.59
2022-04-30,Dayton,OH,244999.0,-1.34
2022-04-30,McAllen,TX,261627.0,0.77
2022-04-30,Columbia,SC,309525.0,2.05
2022-04-30,Greensboro,NC,350600.0,2.04
2022-04-30,Akron,OH,190667.0,7.52
2022-04-30,North Port-Sarasota-Bradenton,FL,604997.0,5.22
2022-04-30,Little Rock,AR,233333.0,2.2
2022-04-30,Stockton,CA,631333.0,3.11
2022-04-30,Charleston,SC,505967.0,4.4
2022-04-30,Syracuse,NY,190800.0,5.55
2022-04-30,Colorado Springs,CO,596633.0,0.85
2022-04-30,Winston-Salem,NC,330863.0,3.88
2022-04-30,Wichita,KS,269000.0,1.78
2022-04-30,Springfield,MA,319933.0,1.58
2022-04-30,Fort Myers,FL,510000.0,4.79
2022-04-30,Boise City,ID,664967.0,3.59
2022-04-30,Toledo,OH,157300.0,5.59
2022-04-30,Madison,WI,412933.0,0.96
2022-04-30,Lakeland,FL,359933.0,3.24
2022-04-30,Ogden,UT,596883.0,1.73
2022-04-30,Daytona Beach,FL,389500.0,3.64
2022-04-30,Des Moines,IA,356798.0,2.54
2022-04-30,Provo,UT,686667.0,4.05
2022-04-30,Durham,NC,523300.0,4.18
2022-04-30,Fort Collins,CO,546383.0,-0.3
2022-05-31,New York,NY,698667.0,0.53
2022-05-31,Los Angeles-Long Beach-Anaheim,CA,999999.0,0.17
2022-05-31,Chicago,IL,348267.0,2.64
2022-05-31,Dallas-Fort Worth,TX,473663.0,4.34
2022-05-31,Philadelphia,PA,326333.0,2.51
2022-05-31,Houston,TX,397663.0,2.27
2022-05-31,Washington,DC,588967.0,2.31
2022-05-31,Miami-Fort Lauderdale,FL,607997.0,5.5
2022-05-31,Atlanta,GA,413333.0,2.48
2022-05-31,Boston,MA,759000.0,1.2
2022-05-31,San Francisco,CA,995596.0,2.05
2022-05-31,Detroit,MI,241650.0,8.22
2022-05-31,Riverside,CA,591300.0,2.6
2022-05-31,Phoenix,AZ,520300.0,2.97
2022-05-31,Seattle,WA,820414.0,4.17
2022-05-31,Minneapolis-St Paul,MN,422954.0,0.28
2022-05-31,San Diego,CA,938333.0,1.85
2022-05-31,St. Louis,MO,266467.0,0.63
2022-05-31,Tampa,FL,443967.0,2.7
2022-05-31,Baltimore,MD,363300.0,4.31
2022-05-31,Denver,CO,690000.0,2.48
2022-05-31,Pittsburgh,PA,218333.0,2.36
2022-05-31,Portland,OR,599933.0,0.28
2022-05-31,Charlotte,NC,420160.0,2.44
2022-05-31,Sacramento,CA,663333.0,0.1
2022-05-31,San Antonio,TX,379167.0,2.57
2022-05-31,Orlando,FL,458522.0,4.01
2022-05-31,Cincinnati,OH,363633.0,-0.64
2022-05-31,Cleveland,OH,189167.0,4.61
2022-05-31,Kansas City,MO,427983.0,0.2
2022-05-31,Las Vegas,NV,526333.0,0.89
2022-05-31,Columbus,OH,365233.0,-0.74
2022-05-31,Indianapolis,IN,331566.0,0.59
2022-05-31,San Jose,CA,1455667.0,3.26
2022-05-31,Austin,TX,609296.0,4.27
2022-05-31,Virginia Beach,VA,329000.0,2.55
2022-05-31,Nashville,TN,541967.0,4.49
2022-05-31,Providence,RI,474933.0,1.79
2022-05-31,Milwaukee,WI,213267.0,5.77
2022-05-31,Jacksonville,FL,429328.0,4.25
2022-05-31,Memphis,TN,253333.0,4.84
2022-05-31,Oklahoma City,OK,357695.0,-0.51
2022-05-31,Louisville-Jefferson County,KY,291997.0,0.0
2022-05-31,Hartford,CT,356267.0,0.0
2022-05-31,Richmond,VA,413133.0,-0.8
2022-05-31,New Orleans,LA,329667.0,-1.28
2022-05-31,Buffalo,NY,239933.0,1.48
2022-05-31,Raleigh,NC,473371.0,3.65
2022-05-31,Birmingham,AL,261050.0,2.12
2022-05-31,Salt Lake City,UT,655800.0,3.77
2022-05-31,Rochester,NY,213233.0,-1.54
2022-05-31,Grand Rapids,MI,435067.0,0.87
2022-05-31,Tucson,AZ,415948.0,3.43
2022-05-31,Urban Honolulu,HI,750000.0,3.93
2022-05-31,Tulsa,OK,337106.0,2.12
2022-05-31,Fresno,CA,444633.0,3.09
2022-05-31,Worcester,MA,439967.0,4.34
2022-05-31,Stamford,CT,861000.0,-4.44
2022-05-31,Albuquerque,NM,422950.0,2.08
2022-05-31,Albany,NY,279900.0,1.21
2022-05-31,Omaha,NE,385990.0,-1.7
2022-05-31,New Haven,CT,367133.0,1.85
2022-05-31,Bakersfield,CA,381300.0,4.75
2022-05-31,Knoxville,TN,393300.0,3.51
2022-05-31,Greenville,SC,357466.0,1.51
2022-05-31,Ventura,CA,955904.0,0.84
2022-05-31,Allentown,PA,364433.0,1.78
2022-05-31,El Paso,TX,277413.0,1.22
2022-05-31,Baton Rouge,LA,328300.0,-2.48
2022-05-31,Dayton,OH,233333.0,-4.76
2022-05-31,McAllen,TX,264993.0,1.29
2022-05-31,Columbia,SC,313191.0,1.18
2022-05-31,Greensboro,NC,360797.0,2.91
2022-05-31,Akron,OH,194633.0,2.08
2022-05-31,North Port-Sarasota-Bradenton,FL,626330.0,3.53
2022-05-31,Little Rock,AR,243333.0,4.29
2022-05-31,Stockton,CA,644667.0,2.11
2022-05-31,Charleston,SC,518000.0,2.38
2022-05-31,Syracuse,NY,198267.0,3.91
2022-05-31,Colorado Springs,CO,605867.0,1.55
2022-05-31,Winston-Salem,NC,340867.0,3.02
2022-05-31,Wichita,KS,269000.0,0.0
2022-05-31,Springfield,MA,336567.0,5.2
2022-05-31,Fort Myers,FL,513333.0,0.65
2022-05-31,Boise City,ID,664933.0,-0.01
2022-05-31,Toledo,OH,166600.0,5.91
2022-05-31,Madison,WI,413233.0,0.07
2022-05-31,Lakeland,FL,371933.0,3.33
2022-05-31,Ogden,UT,602883.0,1.01
2022-05-31,Daytona Beach,FL,399800.0,2.64
2022-05-31,Des Moines,IA,357468.0,0.19
2022-05-31,Provo,UT,684967.0,-0.25
2022-05-31,Durham,NC,531667.0,1.6
2022-05-31,Fort Collins,CO,560230.0,2.53
2022-06-30,New York,NY,697667.0,-0.14
2022-06-30,Los Angeles-Long Beach-Anaheim,CA,999666.0,-0.03
2022-06-30,Chicago,IL,354633.0,1.83
2022-06-30,Dallas-Fort Worth,TX,485997.0,2.6
2022-06-30,Philadelphia,PA,334633.0,2.54
2022-06-30,Houston,TX,404297.0,1.67
2022-06-30,Washington,DC,597300.0,1.41
2022-06-30,Miami-Fort Lauderdale,FL,631633.0,3.89
2022-06-30,Atlanta,GA,426633.0,3.22
2022-06-30,Boston,MA,759000.0,0.0
2022-06-30,San Francisco,CA,1011320.0,1.58
2022-06-30,Detroit,MI,261317.0,8.14
2022-06-30,Riverside,CA,599600.0,1.4
2022-06-30,Phoenix,AZ,533667.0,2.57
2022-06-30,Seattle,WA,826756.0,0.77
2022-06-30,Minneapolis-St Paul,MN,417987.0,-1.17
2022-06-30,San Diego,CA,949333.0,1.17
2022-06-30,St. Louis,MO,264833.0,-0.61
2022-06-30,Tampa,FL,450633.0,1.5
2022-06-30,Baltimore,MD,373300.0,2.75
2022-06-30,Denver,CO,693333.0,0.48
2022-06-30,Pittsburgh,PA,224667.0,2.9
2022-06-30,Portland,OR,599966.0,0.01
2022-06-30,Charlotte,NC,429960.0,2.33
2022-06-30,Sacramento,CA,659967.0,-0.51
2022-06-30,San Antonio,TX,388833.0,2.55
2022-06-30,Orlando,FL,469000.0,2.29
2022-06-30,Cincinnati,OH,354667.0,-2.47
2022-06-30,Cleveland,OH,201667.0,6.61
2022-06-30,Kansas City,MO,419667.0,-1.94
2022-06-30,Las Vegas,NV,523000.0,-0.63
2022-06-30,Columbus,OH,362233.0,-0.82
2022-06-30,Indianapolis,IN,330533.0,-0.31
2022-06-30,San Jose,CA,1462333.0,0.46
2022-06-30,Austin,TX,616966.0,1.26
2022-06-30,Virginia Beach,VA,335633.0,2.02
2022-06-30,Nashville,TN,561967.0,3.69
2022-06-30,Providence,RI,484633.0,2.04
2022-06-30,Milwaukee,WI,229633.0,7.67
2022-06-30,Jacksonville,FL,437663.0,1.94
2022-06-30,Memphis,TN,266667.0,5.26
2022-06-30,Oklahoma City,OK,348025.0,-2.7
2022-06-30,Louisville-Jefferson County,KY,289630.0,-0.81
2022-06-30,Hartford,CT,359633.0,0.94
2022-06-30,Richmond,VA,416633.0,0.85
2022-06-30,New Orleans,LA,326333.0,-1.01
2022-06-30,Buffalo,NY,243266.0,1.39
2022-06-30,Raleigh,NC,486333.0,2.74
2022-06-30,Birmingham,AL,271433.0,3.98
2022-06-30,Salt Lake City,UT,664100.0,1.27
2022-06-30,Rochester,NY,214900.0,0.78
2022-06-30,Grand Rapids,MI,433400.0,-0.38
2022-06-30,Tucson,AZ,422666.0,1.62
2022-06-30,Urban Honolulu,HI,785000.0,4.67
2022-06-30,Tulsa,OK,336717.0,-0.12
2022-06-30,Fresno,CA,451333.0,1.51
2022-06-30,Worcester,MA,448267.0,1.89
2022-06-30,Stamford,CT,836333.0,-2.86
2022-06-30,Albuquerque,NM,422300.0,-0.15
2022-06-30,Albany,NY,283233.0,1.19
2022-06-30,Omaha,NE,378660.0,-1.9
2022-06-30,New Haven,CT,368833.0,0.46
2022-06-30,Bakersfield,CA,393133.0,3.1
2022-06-30,Knoxville,TN,401633.0,2.12
2022-06-30,Greenville,SC,362970.0,1.54
2022-06-30,Ventura,CA,944667.0,-1.18
2022-06-30,Allentown,PA,365100.0,0.18
2022-06-30,El Paso,TX,277217.0,-0.07
2022-06-30,Baton Rouge,LA,319967.0,-2.54
2022-06-30,Dayton,OH,221333.0,-5.14
2022-06-30,McAllen,TX,268330.0,1.26
2022-06-30,Columbia,SC,317530.0,1.39
2022-06-30,Greensboro,NC,368463.0,2.12
2022-06-30,Akron,OH,196300.0,0.86
2022-06-30,North Port-Sarasota-Bradenton,FL,631330.0,0.8
2022-06-30,Little Rock,AR,251333.0,3.29
2022-06-30,Stockton,CA,644667.0,0.0
2022-06-30,Charleston,SC,519667.0,0.32
2022-06-30,Syracuse,NY,209933.0,5.88
2022-06-30,Colorado Springs,CO,605567.0,-0.05
2022-06-30,Winston-Salem,NC,343467.0,0.76
2022-06-30,Wichita,KS,269333.0,0.12
2022-06-30,Springfield,MA,346600.0,2.98
2022-06-30,Fort Myers,FL,506633.0,-1.31
2022-06-30,Boise City,ID,641633.0,-3.5
2022-06-30,Toledo,OH,169933.0,2.0
2022-06-30,Madison,WI,411600.0,-0.4
2022-06-30,Lakeland,FL,380600.0,2.33
2022-06-30,Ogden,UT,603300.0,0.07
2022-06-30,Daytona Beach,FL,409633.0,2.46
2022-06-30,Des Moines,IA,358835.0,0.38
2022-06-30,Provo,UT,669300.0,-2.29
2022-06-30,Durham,NC,520000.0,-2.19
2022-06-30,Fort Collins,CO,580230.0,3.57
