Date,City,State,Avg_Sale_Price,%Change_SP
2020-07-31,New York,NY,444667.0,1.45
2020-07-31,Los Angeles-Long Beach-Anaheim,CA,691333.0,2.17
2020-07-31,Chicago,IL,257167.0,0.33
2020-07-31,Dallas-Fort Worth,TX,289967.0,1.56
2020-07-31,Philadelphia,PA,274161.0,0.95
2020-07-31,Houston,TX,258955.0,1.86
2020-07-31,Washington,DC,445000.0,1.6
2020-07-31,Miami-Fort Lauderdale,FL,319333.0,1.05
2020-07-31,Atlanta,GA,276402.0,0.63
2020-07-31,Boston,MA,510651.0,1.16
2020-07-31,San Francisco,CA,868167.0,2.06
2020-07-31,Detroit,MI,207500.0,2.59
2020-07-31,Riverside,CA,406695.0,2.07
2020-07-31,Phoenix,AZ,314663.0,1.07
2020-07-31,Seattle,WA,534333.0,1.51
2020-07-31,Minneapolis-St Paul,MN,303467.0,0.55
2020-07-31,San Diego,CA,616833.0,2.27
2020-07-31,St. Louis,MO,211417.0,2.44
2020-07-31,Tampa,FL,253250.0,1.4
2020-07-31,Baltimore,MD,311663.0,-0.05
2020-07-31,Denver,CO,450810.0,1.12
2020-07-31,Pittsburgh,PA,195000.0,1.76
2020-07-31,Portland,OR,425333.0,1.44
2020-07-31,Charlotte,NC,286287.0,1.05
2020-07-31,Sacramento,CA,452500.0,2.11
2020-07-31,San Antonio,TX,248800.0,2.19
2020-07-31,Orlando,FL,278480.0,0.36
2020-07-31,Cincinnati,OH,207000.0,2.26
2020-07-31,Cleveland,OH,169333.0,1.91
2020-07-31,Kansas City,MO,249667.0,2.6
2020-07-31,Las Vegas,NV,320096.0,1.39
2020-07-31,Columbus,OH,234767.0,1.63
2020-07-31,Indianapolis,IN,221333.0,1.53
2020-07-31,San Jose,CA,1126667.0,0.0
2020-07-31,Austin,TX,343996.0,2.63
2020-07-31,Virginia Beach,VA,275083.0,2.52
2020-07-31,Nashville,TN,314837.0,1.38
2020-07-31,Providence,RI,316333.0,1.61
2020-07-31,Milwaukee,WI,222333.0,0.98
2020-07-31,Jacksonville,FL,267667.0,1.9
2020-07-31,Memphis,TN,215133.0,1.33
2020-07-31,Oklahoma City,OK,203317.0,1.84
2020-07-31,Louisville-Jefferson County,KY,214333.0,4.05
2020-07-31,Hartford,CT,245333.0,1.98
2020-07-31,Richmond,VA,279167.0,1.96
2020-07-31,New Orleans,LA,226667.0,1.04
2020-07-31,Buffalo,NY,177000.0,2.61
2020-07-31,Raleigh,NC,304000.0,0.03
2020-07-31,Birmingham,AL,228205.0,-0.25
2020-07-31,Salt Lake City,UT,366667.0,1.51
2020-07-31,Rochester,NY,166583.0,1.57
2020-07-31,Grand Rapids,MI,230367.0,2.54
2020-07-31,Tucson,AZ,244333.0,1.38
2020-07-31,Urban Honolulu,HI,607750.0,-0.79
2020-07-31,Tulsa,OK,196717.0,3.5
2020-07-31,Fresno,CA,312113.0,2.35
2020-07-31,Worcester,MA,314000.0,3.43
2020-07-31,Stamford,CT,461333.0,4.45
2020-07-31,Albuquerque,NM,235503.0,2.56
2020-07-31,Albany,NY,214282.0,0.78
2020-07-31,Omaha,NE,225052.0,1.98
2020-07-31,New Haven,CT,249248.0,4.33
2020-07-31,Bakersfield,CA,263500.0,0.44
2020-07-31,Knoxville,TN,232000.0,1.9
2020-07-31,Greenville,SC,227950.0,0.59
2020-07-31,Ventura,CA,629333.0,1.61
2020-07-31,Allentown,PA,224082.0,2.27
2020-07-31,El Paso,TX,175207.0,2.73
2020-07-31,Baton Rouge,LA,216650.0,0.0
2020-07-31,Dayton,OH,162133.0,1.48
2020-07-31,McAllen,TX,168208.0,2.02
2020-07-31,Columbia,SC,201413.0,2.3
2020-07-31,Greensboro,NC,190167.0,3.26
2020-07-31,Akron,OH,163783.0,1.76
2020-07-31,North Port-Sarasota-Bradenton,FL,294050.0,1.86
2020-07-31,Little Rock,AR,181333.0,0.69
2020-07-31,Stockton,CA,445333.0,0.64
2020-07-31,Charleston,SC,298154.0,2.38
2020-07-31,Syracuse,NY,158417.0,1.5
2020-07-31,Colorado Springs,CO,361908.0,1.78
2020-07-31,Winston-Salem,NC,199667.0,3.28
2020-07-31,Wichita,KS,172875.0,1.39
2020-07-31,Springfield,MA,240317.0,1.9
2020-07-31,Fort Myers,FL,244000.0,-0.41
2020-07-31,Boise City,ID,339948.0,2.51
2020-07-31,Toledo,OH,144317.0,2.0
2020-07-31,Madison,WI,294333.0,0.01
2020-07-31,Lakeland,FL,216935.0,1.77
2020-07-31,Ogden,UT,325833.0,1.98
2020-07-31,Daytona Beach,FL,238167.0,2.29
2020-07-31,Des Moines,IA,229083.0,0.84
2020-07-31,Provo,UT,350924.0,0.78
2020-07-31,Durham,NC,302937.0,-0.55
2020-07-31,Fort Collins,CO,401362.0,0.27
2020-08-31,New York,NY,451333.0,1.5
2020-08-31,Los Angeles-Long Beach-Anaheim,CA,713667.0,3.23
2020-08-31,Chicago,IL,262500.0,2.07
2020-08-31,Dallas-Fort Worth,TX,296492.0,2.25
2020-08-31,Philadelphia,PA,279300.0,1.87
2020-08-31,Houston,TX,264333.0,2.08
2020-08-31,Washington,DC,452808.0,1.75
2020-08-31,Miami-Fort Lauderdale,FL,326000.0,2.09
2020-08-31,Atlanta,GA,282068.0,2.05
2020-08-31,Boston,MA,521210.0,2.07
2020-08-31,San Francisco,CA,891333.0,2.67
2020-08-31,Detroit,MI,216200.0,4.19
2020-08-31,Riverside,CA,413362.0,1.64
2020-08-31,Phoenix,AZ,321665.0,2.23
2020-08-31,Seattle,WA,548333.0,2.62
2020-08-31,Minneapolis-St Paul,MN,308617.0,1.7
2020-08-31,San Diego,CA,633500.0,2.7
2020-08-31,St. Louis,MO,216667.0,2.48
2020-08-31,Tampa,FL,256833.0,1.41
2020-08-31,Baltimore,MD,316650.0,1.6
2020-08-31,Denver,CO,457442.0,1.47
2020-08-31,Pittsburgh,PA,196665.0,0.85
2020-08-31,Portland,OR,433667.0,1.96
2020-08-31,Charlotte,NC,294621.0,2.91
2020-08-31,Sacramento,CA,463000.0,2.32
2020-08-31,San Antonio,TX,252467.0,1.47
2020-08-31,Orlando,FL,281646.0,1.14
2020-08-31,Cincinnati,OH,215333.0,4.03
2020-08-31,Cleveland,OH,172667.0,1.97
2020-08-31,Kansas City,MO,255000.0,2.14
2020-08-31,Las Vegas,NV,323333.0,1.01
2020-08-31,Columbus,OH,238184.0,1.46
2020-08-31,Indianapolis,IN,225500.0,1.88
2020-08-31,San Jose,CA,1135333.0,0.77
2020-08-31,Austin,TX,351142.0,2.08
2020-08-31,Virginia Beach,VA,276083.0,0.36
2020-08-31,Nashville,TN,320055.0,1.66
2020-08-31,Providence,RI,323333.0,2.21
2020-08-31,Milwaukee,WI,229167.0,3.07
2020-08-31,Jacksonville,FL,270667.0,1.12
2020-08-31,Memphis,TN,218500.0,1.57
2020-08-31,Oklahoma City,OK,208336.0,2.47
2020-08-31,Louisville-Jefferson County,KY,220333.0,2.8
2020-08-31,Hartford,CT,252000.0,2.72
2020-08-31,Richmond,VA,281814.0,0.95
2020-08-31,New Orleans,LA,231000.0,1.91
2020-08-31,Buffalo,NY,180450.0,1.95
2020-08-31,Raleigh,NC,308333.0,1.43
2020-08-31,Birmingham,AL,227123.0,-0.47
2020-08-31,Salt Lake City,UT,374667.0,2.18
2020-08-31,Rochester,NY,172550.0,3.58
2020-08-31,Grand Rapids,MI,233700.0,1.45
2020-08-31,Tucson,AZ,249667.0,2.18
2020-08-31,Urban Honolulu,HI,610667.0,0.48
2020-08-31,Tulsa,OK,200550.0,1.95
2020-08-31,Fresno,CA,315424.0,1.06
2020-08-31,Worcester,MA,318000.0,1.27
2020-08-31,Stamford,CT,483500.0,4.8
2020-08-31,Albuquerque,NM,244270.0,3.72
2020-08-31,Albany,NY,215667.0,0.65
2020-08-31,Omaha,NE,228302.0,1.44
2020-08-31,New Haven,CT,252000.0,1.1
2020-08-31,Bakersfield,CA,268500.0,1.9
2020-08-31,Knoxville,TN,235333.0,1.44
2020-08-31,Greenville,SC,232553.0,2.02
2020-08-31,Ventura,CA,646000.0,2.65
2020-08-31,Allentown,PA,228315.0,1.89
2020-08-31,El Paso,TX,179548.0,2.48
2020-08-31,Baton Rouge,LA,220467.0,1.76
2020-08-31,Dayton,OH,168050.0,3.65
2020-08-31,McAllen,TX,168975.0,0.46
2020-08-31,Columbia,SC,205944.0,2.25
2020-08-31,Greensboro,NC,194333.0,2.19
2020-08-31,Akron,OH,164783.0,0.61
2020-08-31,North Port-Sarasota-Bradenton,FL,300717.0,2.27
2020-08-31,Little Rock,AR,186000.0,2.57
2020-08-31,Stockton,CA,447750.0,0.54
2020-08-31,Charleston,SC,310433.0,4.12
2020-08-31,Syracuse,NY,164667.0,3.95
2020-08-31,Colorado Springs,CO,368574.0,1.84
2020-08-31,Winston-Salem,NC,205500.0,2.92
2020-08-31,Wichita,KS,177375.0,2.6
2020-08-31,Springfield,MA,243650.0,1.39
2020-08-31,Fort Myers,FL,248500.0,1.84
2020-08-31,Boise City,ID,351648.0,3.44
2020-08-31,Toledo,OH,141483.0,-1.96
2020-08-31,Madison,WI,297667.0,1.13
2020-08-31,Lakeland,FL,220100.0,1.46
2020-08-31,Ogden,UT,331142.0,1.63
2020-08-31,Daytona Beach,FL,243800.0,2.37
2020-08-31,Des Moines,IA,235000.0,2.58
2020-08-31,Provo,UT,362750.0,3.37
2020-08-31,Durham,NC,309500.0,2.17
2020-08-31,Fort Collins,CO,408760.0,1.84
2020-09-30,New York,NY,454667.0,0.74
2020-09-30,Los Angeles-Long Beach-Anaheim,CA,730333.0,2.34
2020-09-30,Chicago,IL,265833.0,1.27
2020-09-30,Dallas-Fort Worth,TX,298825.0,0.79
2020-09-30,Philadelphia,PA,283000.0,1.32
2020-09-30,Houston,TX,265000.0,0.25
2020-09-30,Washington,DC,456142.0,0.74
2020-09-30,Miami-Fort Lauderdale,FL,329333.0,1.02
2020-09-30,Atlanta,GA,287035.0,1.76
2020-09-30,Boston,MA,525833.0,0.89
2020-09-30,San Francisco,CA,901667.0,1.16
2020-09-30,Detroit,MI,221533.0,2.47
2020-09-30,Riverside,CA,421597.0,1.99
2020-09-30,Phoenix,AZ,327665.0,1.87
2020-09-30,Seattle,WA,558332.0,1.82
2020-09-30,Minneapolis-St Paul,MN,311317.0,0.87
2020-09-30,San Diego,CA,652000.0,2.92
2020-09-30,St. Louis,MO,218333.0,0.77
2020-09-30,Tampa,FL,260167.0,1.3
2020-09-30,Baltimore,MD,323217.0,2.07
2020-09-30,Denver,CO,461667.0,0.92
2020-09-30,Pittsburgh,PA,199998.0,1.69
2020-09-30,Portland,OR,438000.0,1.0
2020-09-30,Charlotte,NC,297133.0,0.85
2020-09-30,Sacramento,CA,472667.0,2.09
2020-09-30,San Antonio,TX,254667.0,0.87
2020-09-30,Orlando,FL,283442.0,0.64
2020-09-30,Cincinnati,OH,215000.0,-0.15
2020-09-30,Cleveland,OH,173833.0,0.68
2020-09-30,Kansas City,MO,258300.0,1.29
2020-09-30,Las Vegas,NV,323413.0,0.02
2020-09-30,Columbus,OH,239517.0,0.56
2020-09-30,Indianapolis,IN,228333.0,1.26
2020-09-30,San Jose,CA,1133667.0,-0.15
2020-09-30,Austin,TX,356142.0,1.42
2020-09-30,Virginia Beach,VA,279417.0,1.21
2020-09-30,Nashville,TN,323078.0,0.94
2020-09-30,Providence,RI,330000.0,2.06
2020-09-30,Milwaukee,WI,230000.0,0.36
2020-09-30,Jacksonville,FL,273671.0,1.11
2020-09-30,Memphis,TN,221833.0,1.53
2020-09-30,Oklahoma City,OK,209336.0,0.48
2020-09-30,Louisville-Jefferson County,KY,220333.0,0.0
2020-09-30,Hartford,CT,257000.0,1.98
2020-09-30,Richmond,VA,286146.0,1.54
2020-09-30,New Orleans,LA,229333.0,-0.72
2020-09-30,Buffalo,NY,188450.0,4.43
2020-09-30,Raleigh,NC,312567.0,1.37
2020-09-30,Birmingham,AL,231073.0,1.74
2020-09-30,Salt Lake City,UT,379000.0,1.16
2020-09-30,Rochester,NY,176717.0,2.41
2020-09-30,Grand Rapids,MI,237119.0,1.46
2020-09-30,Tucson,AZ,254083.0,1.77
2020-09-30,Urban Honolulu,HI,618167.0,1.23
2020-09-30,Tulsa,OK,206133.0,2.78
2020-09-30,Fresno,CA,316667.0,0.39
2020-09-30,Worcester,MA,325333.0,2.31
2020-09-30,Stamford,CT,490167.0,1.38
2020-09-30,Albuquerque,NM,247937.0,1.5
2020-09-30,Albany,NY,222667.0,3.25
2020-09-30,Omaha,NE,225667.0,-1.15
2020-09-30,New Haven,CT,259333.0,2.91
2020-09-30,Bakersfield,CA,271167.0,0.99
2020-09-30,Knoxville,TN,239000.0,1.56
2020-09-30,Greenville,SC,233079.0,0.23
2020-09-30,Ventura,CA,666000.0,3.1
2020-09-30,Allentown,PA,229982.0,0.73
2020-09-30,El Paso,TX,182983.0,1.91
2020-09-30,Baton Rouge,LA,222467.0,0.91
2020-09-30,Dayton,OH,168083.0,0.02
2020-09-30,McAllen,TX,170400.0,0.84
2020-09-30,Columbia,SC,206611.0,0.32
2020-09-30,Greensboro,NC,193830.0,-0.26
2020-09-30,Akron,OH,168800.0,2.44
2020-09-30,North Port-Sarasota-Bradenton,FL,302717.0,0.67
2020-09-30,Little Rock,AR,186833.0,0.45
2020-09-30,Stockton,CA,447500.0,-0.06
2020-09-30,Charleston,SC,319000.0,2.76
2020-09-30,Syracuse,NY,167917.0,1.97
2020-09-30,Colorado Springs,CO,376667.0,2.2
2020-09-30,Winston-Salem,NC,209167.0,1.78
2020-09-30,Wichita,KS,182342.0,2.8
2020-09-30,Springfield,MA,248650.0,2.05
2020-09-30,Fort Myers,FL,251900.0,1.37
2020-09-30,Boise City,ID,361663.0,2.85
2020-09-30,Toledo,OH,142150.0,0.47
2020-09-30,Madison,WI,295000.0,-0.9
2020-09-30,Lakeland,FL,222405.0,1.05
2020-09-30,Ogden,UT,339309.0,2.47
2020-09-30,Daytona Beach,FL,245963.0,0.89
2020-09-30,Des Moines,IA,235167.0,0.07
2020-09-30,Provo,UT,366000.0,0.9
2020-09-30,Durham,NC,308667.0,-0.27
2020-09-30,Fort Collins,CO,420260.0,2.81
2020-10-31,New York,NY,461667.0,1.54
2020-10-31,Los Angeles-Long Beach-Anaheim,CA,738333.0,1.1
2020-10-31,Chicago,IL,268333.0,0.94
2020-10-31,Dallas-Fort Worth,TX,299192.0,0.12
2020-10-31,Philadelphia,PA,282333.0,-0.24
2020-10-31,Houston,TX,264000.0,-0.38
2020-10-31,Washington,DC,454142.0,-0.44
2020-10-31,Miami-Fort Lauderdale,FL,331000.0,0.51
2020-10-31,Atlanta,GA,288426.0,0.48
2020-10-31,Boston,MA,521667.0,-0.79
2020-10-31,San Francisco,CA,901333.0,-0.04
2020-10-31,Detroit,MI,219380.0,-0.97
2020-10-31,Riverside,CA,426667.0,1.2
2020-10-31,Phoenix,AZ,334332.0,2.03
2020-10-31,Seattle,WA,562332.0,0.72
2020-10-31,Minneapolis-St Paul,MN,311750.0,0.14
2020-10-31,San Diego,CA,658833.0,1.05
2020-10-31,St. Louis,MO,217167.0,-0.53
2020-10-31,Tampa,FL,261333.0,0.45
2020-10-31,Baltimore,MD,324883.0,0.52
2020-10-31,Denver,CO,466667.0,1.08
2020-10-31,Pittsburgh,PA,196998.0,-1.5
2020-10-31,Portland,OR,442000.0,0.91
2020-10-31,Charlotte,NC,299167.0,0.68
2020-10-31,Sacramento,CA,477583.0,1.04
2020-10-31,San Antonio,TX,254943.0,0.11
2020-10-31,Orlando,FL,283688.0,0.09
2020-10-31,Cincinnati,OH,213967.0,-0.48
2020-10-31,Cleveland,OH,174792.0,0.55
2020-10-31,Kansas City,MO,257300.0,-0.39
2020-10-31,Las Vegas,NV,326394.0,0.92
2020-10-31,Columbus,OH,235800.0,-1.55
2020-10-31,Indianapolis,IN,228333.0,0.0
2020-10-31,San Jose,CA,1143667.0,0.88
2020-10-31,Austin,TX,360367.0,1.19
2020-10-31,Virginia Beach,VA,277000.0,-0.87
2020-10-31,Nashville,TN,327112.0,1.25
2020-10-31,Providence,RI,333333.0,1.01
2020-10-31,Milwaukee,WI,229167.0,-0.36
2020-10-31,Jacksonville,FL,273671.0,0.0
2020-10-31,Memphis,TN,223333.0,0.68
2020-10-31,Oklahoma City,OK,210669.0,0.64
2020-10-31,Louisville-Jefferson County,KY,217567.0,-1.26
2020-10-31,Hartford,CT,257650.0,0.25
2020-10-31,Richmond,VA,287313.0,0.41
2020-10-31,New Orleans,LA,229333.0,0.0
2020-10-31,Buffalo,NY,190117.0,0.88
2020-10-31,Raleigh,NC,315067.0,0.8
2020-10-31,Birmingham,AL,232467.0,0.6
2020-10-31,Salt Lake City,UT,382157.0,0.83
2020-10-31,Rochester,NY,177800.0,0.61
2020-10-31,Grand Rapids,MI,235085.0,-0.86
2020-10-31,Tucson,AZ,257417.0,1.31
2020-10-31,Urban Honolulu,HI,617667.0,-0.08
2020-10-31,Tulsa,OK,206167.0,0.02
2020-10-31,Fresno,CA,318333.0,0.53
2020-10-31,Worcester,MA,323333.0,-0.61
2020-10-31,Stamford,CT,495500.0,1.09
2020-10-31,Albuquerque,NM,249567.0,0.66
2020-10-31,Albany,NY,226000.0,1.5
2020-10-31,Omaha,NE,222667.0,-1.33
2020-10-31,New Haven,CT,258667.0,-0.26
2020-10-31,Bakersfield,CA,276333.0,1.91
2020-10-31,Knoxville,TN,239130.0,0.05
2020-10-31,Greenville,SC,235746.0,1.14
2020-10-31,Ventura,CA,676667.0,1.6
2020-10-31,Allentown,PA,233333.0,1.46
2020-10-31,El Paso,TX,183317.0,0.18
2020-10-31,Baton Rouge,LA,224159.0,0.76
2020-10-31,Dayton,OH,166417.0,-0.99
2020-10-31,McAllen,TX,167733.0,-1.57
2020-10-31,Columbia,SC,206082.0,-0.26
2020-10-31,Greensboro,NC,192663.0,-0.6
2020-10-31,Akron,OH,171133.0,1.38
2020-10-31,North Port-Sarasota-Bradenton,FL,303467.0,0.25
2020-10-31,Little Rock,AR,187288.0,0.24
2020-10-31,Stockton,CA,448500.0,0.22
2020-10-31,Charleston,SC,320220.0,0.38
2020-10-31,Syracuse,NY,169583.0,0.99
2020-10-31,Colorado Springs,CO,380000.0,0.88
2020-10-31,Winston-Salem,NC,207667.0,-0.72
2020-10-31,Wichita,KS,179950.0,-1.31
2020-10-31,Springfield,MA,250025.0,0.55
2020-10-31,Fort Myers,FL,254900.0,1.19
2020-10-31,Boise City,ID,369963.0,2.29
2020-10-31,Toledo,OH,141833.0,-0.22
2020-10-31,Madison,WI,295000.0,0.0
2020-10-31,Lakeland,FL,224072.0,0.75
2020-10-31,Ogden,UT,338975.0,-0.1
2020-10-31,Daytona Beach,FL,247597.0,0.66
2020-10-31,Des Moines,IA,237917.0,1.17
2020-10-31,Provo,UT,370000.0,1.09
2020-10-31,Durham,NC,310667.0,0.65
2020-10-31,Fort Collins,CO,429283.0,2.15
2020-11-30,New York,NY,468333.0,1.44
2020-11-30,Los Angeles-Long Beach-Anaheim,CA,739333.0,0.14
2020-11-30,Chicago,IL,265667.0,-0.99
2020-11-30,Dallas-Fort Worth,TX,299333.0,0.05
2020-11-30,Philadelphia,PA,279875.0,-0.87
2020-11-30,Houston,TX,264833.0,0.32
2020-11-30,Washington,DC,451333.0,-0.62
2020-11-30,Miami-Fort Lauderdale,FL,330000.0,-0.3
2020-11-30,Atlanta,GA,289397.0,0.34
2020-11-30,Boston,MA,514667.0,-1.34
2020-11-30,San Francisco,CA,900250.0,-0.12
2020-11-30,Detroit,MI,218347.0,-0.47
2020-11-30,Riverside,CA,431667.0,1.17
2020-11-30,Phoenix,AZ,336792.0,0.74
2020-11-30,Seattle,WA,563998.0,0.3
2020-11-30,Minneapolis-St Paul,MN,310100.0,-0.53
2020-11-30,San Diego,CA,663833.0,0.76
2020-11-30,St. Louis,MO,212750.0,-2.03
2020-11-30,Tampa,FL,262833.0,0.57
2020-11-30,Baltimore,MD,324900.0,0.01
2020-11-30,Denver,CO,468333.0,0.36
2020-11-30,Pittsburgh,PA,193667.0,-1.69
2020-11-30,Portland,OR,442133.0,0.03
2020-11-30,Charlotte,NC,299167.0,0.0
2020-11-30,Sacramento,CA,479250.0,0.35
2020-11-30,San Antonio,TX,255277.0,0.13
2020-11-30,Orlando,FL,285355.0,0.59
2020-11-30,Cincinnati,OH,213300.0,-0.31
2020-11-30,Cleveland,OH,172292.0,-1.43
2020-11-30,Kansas City,MO,254967.0,-0.91
2020-11-30,Las Vegas,NV,328061.0,0.51
2020-11-30,Columbus,OH,233050.0,-1.17
2020-11-30,Indianapolis,IN,226967.0,-0.6
2020-11-30,San Jose,CA,1129000.0,-1.28
2020-11-30,Austin,TX,365367.0,1.39
2020-11-30,Virginia Beach,VA,279000.0,0.72
2020-11-30,Nashville,TN,327687.0,0.18
2020-11-30,Providence,RI,331667.0,-0.5
2020-11-30,Milwaukee,WI,223167.0,-2.62
2020-11-30,Jacksonville,FL,276337.0,0.97
2020-11-30,Memphis,TN,223333.0,0.0
2020-11-30,Oklahoma City,OK,210817.0,0.07
2020-11-30,Louisville-Jefferson County,KY,216233.0,-0.61
2020-11-30,Hartford,CT,256317.0,-0.52
2020-11-30,Richmond,VA,289315.0,0.7
2020-11-30,New Orleans,LA,230000.0,0.29
2020-11-30,Buffalo,NY,189167.0,-0.5
2020-11-30,Raleigh,NC,314067.0,-0.32
2020-11-30,Birmingham,AL,234800.0,1.0
2020-11-30,Salt Lake City,UT,384157.0,0.52
2020-11-30,Rochester,NY,176150.0,-0.93
2020-11-30,Grand Rapids,MI,235052.0,-0.01
2020-11-30,Tucson,AZ,259417.0,0.78
2020-11-30,Urban Honolulu,HI,614333.0,-0.54
2020-11-30,Tulsa,OK,206417.0,0.12
2020-11-30,Fresno,CA,321667.0,1.05
2020-11-30,Worcester,MA,323650.0,0.1
2020-11-30,Stamford,CT,481735.0,-2.78
2020-11-30,Albuquerque,NM,248567.0,-0.4
2020-11-30,Albany,NY,225667.0,-0.15
2020-11-30,Omaha,NE,222333.0,-0.15
2020-11-30,New Haven,CT,262000.0,1.29
2020-11-30,Bakersfield,CA,280000.0,1.33
2020-11-30,Knoxville,TN,239130.0,0.0
2020-11-30,Greenville,SC,235360.0,-0.16
2020-11-30,Ventura,CA,685333.0,1.28
2020-11-30,Allentown,PA,234167.0,0.36
2020-11-30,El Paso,TX,182283.0,-0.56
2020-11-30,Baton Rouge,LA,227176.0,1.35
2020-11-30,Dayton,OH,161000.0,-3.26
2020-11-30,McAllen,TX,170817.0,1.84
2020-11-30,Columbia,SC,205000.0,-0.53
2020-11-30,Greensboro,NC,192663.0,0.0
2020-11-30,Akron,OH,172283.0,0.67
2020-11-30,North Port-Sarasota-Bradenton,FL,306467.0,0.99
2020-11-30,Little Rock,AR,187288.0,0.0
2020-11-30,Stockton,CA,451833.0,0.74
2020-11-30,Charleston,SC,318385.0,-0.57
2020-11-30,Syracuse,NY,166667.0,-1.72
2020-11-30,Colorado Springs,CO,383333.0,0.88
2020-11-30,Winston-Salem,NC,205500.0,-1.04
2020-11-30,Wichita,KS,176583.0,-1.87
2020-11-30,Springfield,MA,248692.0,-0.53
2020-11-30,Fort Myers,FL,255400.0,0.2
2020-11-30,Boise City,ID,375951.0,1.62
2020-11-30,Toledo,OH,144667.0,2.0
2020-11-30,Madison,WI,295333.0,0.11
2020-11-30,Lakeland,FL,227573.0,1.56
2020-11-30,Ogden,UT,341084.0,0.62
2020-11-30,Daytona Beach,FL,248947.0,0.55
2020-11-30,Des Moines,IA,235000.0,-1.23
2020-11-30,Provo,UT,372667.0,0.72
2020-11-30,Durham,NC,310000.0,-0.21
2020-11-30,Fort Collins,CO,426325.0,-0.69
2020-12-31,New York,NY,472000.0,0.78
2020-12-31,Los Angeles-Long Beach-Anaheim,CA,737667.0,-0.23
2020-12-31,Chicago,IL,264000.0,-0.63
2020-12-31,Dallas-Fort Worth,TX,300333.0,0.33
2020-12-31,Philadelphia,PA,278542.0,-0.48
2020-12-31,Houston,TX,267830.0,1.13
2020-12-31,Washington,DC,451667.0,0.07
2020-12-31,Miami-Fort Lauderdale,FL,331000.0,0.3
2020-12-31,Atlanta,GA,289431.0,0.01
2020-12-31,Boston,MA,511333.0,-0.65
2020-12-31,San Francisco,CA,890667.0,-1.06
2020-12-31,Detroit,MI,216013.0,-1.07
2020-12-31,Riverside,CA,435000.0,0.77
2020-12-31,Phoenix,AZ,337800.0,0.3
2020-12-31,Seattle,WA,556683.0,-1.3
2020-12-31,Minneapolis-St Paul,MN,310100.0,0.0
2020-12-31,San Diego,CA,660500.0,-0.5
2020-12-31,St. Louis,MO,211083.0,-0.78
2020-12-31,Tampa,FL,263997.0,0.44
2020-12-31,Baltimore,MD,318333.0,-2.02
2020-12-31,Denver,CO,470000.0,0.36
2020-12-31,Pittsburgh,PA,188667.0,-2.58
2020-12-31,Portland,OR,442133.0,0.0
2020-12-31,Charlotte,NC,298713.0,-0.15
2020-12-31,Sacramento,CA,477583.0,-0.35
2020-12-31,San Antonio,TX,256943.0,0.65
2020-12-31,Orlando,FL,287580.0,0.78
2020-12-31,Cincinnati,OH,213633.0,0.16
2020-12-31,Cleveland,OH,172458.0,0.1
2020-12-31,Kansas City,MO,250000.0,-1.95
2020-12-31,Las Vegas,NV,330981.0,0.89
2020-12-31,Columbus,OH,234717.0,0.72
2020-12-31,Indianapolis,IN,224300.0,-1.18
2020-12-31,San Jose,CA,1125167.0,-0.34
2020-12-31,Austin,TX,370367.0,1.37
2020-12-31,Virginia Beach,VA,277333.0,-0.6
2020-12-31,Nashville,TN,329902.0,0.68
2020-12-31,Providence,RI,330667.0,-0.3
2020-12-31,Milwaukee,WI,219000.0,-1.87
2020-12-31,Jacksonville,FL,278917.0,0.93
2020-12-31,Memphis,TN,221667.0,-0.75
2020-12-31,Oklahoma City,OK,211483.0,0.32
2020-12-31,Louisville-Jefferson County,KY,213467.0,-1.28
2020-12-31,Hartford,CT,256317.0,0.0
2020-12-31,Richmond,VA,291650.0,0.81
2020-12-31,New Orleans,LA,231667.0,0.72
2020-12-31,Buffalo,NY,188167.0,-0.53
2020-12-31,Raleigh,NC,314833.0,0.24
2020-12-31,Birmingham,AL,229800.0,-2.13
2020-12-31,Salt Lake City,UT,389490.0,1.39
2020-12-31,Rochester,NY,175317.0,-0.47
2020-12-31,Grand Rapids,MI,232967.0,-0.89
2020-12-31,Tucson,AZ,260000.0,0.22
2020-12-31,Urban Honolulu,HI,619500.0,0.84
2020-12-31,Tulsa,OK,204083.0,-1.13
2020-12-31,Fresno,CA,324333.0,0.83
2020-12-31,Worcester,MA,321983.0,-0.52
2020-12-31,Stamford,CT,482235.0,0.1
2020-12-31,Albuquerque,NM,251067.0,1.01
2020-12-31,Albany,NY,225000.0,-0.3
2020-12-31,Omaha,NE,221667.0,-0.3
2020-12-31,New Haven,CT,259000.0,-1.15
2020-12-31,Bakersfield,CA,283500.0,1.25
2020-12-31,Knoxville,TN,237620.0,-0.63
2020-12-31,Greenville,SC,238217.0,1.21
2020-12-31,Ventura,CA,678833.0,-0.95
2020-12-31,Allentown,PA,235000.0,0.36
2020-12-31,El Paso,TX,181117.0,-0.64
2020-12-31,Baton Rouge,LA,226159.0,-0.45
2020-12-31,Dayton,OH,161750.0,0.47
2020-12-31,McAllen,TX,173667.0,1.67
2020-12-31,Columbia,SC,205967.0,0.47
2020-12-31,Greensboro,NC,193167.0,0.26
2020-12-31,Akron,OH,165600.0,-3.88
2020-12-31,North Port-Sarasota-Bradenton,FL,315133.0,2.83
2020-12-31,Little Rock,AR,188809.0,0.81
2020-12-31,Stockton,CA,454917.0,0.68
2020-12-31,Charleston,SC,322635.0,1.33
2020-12-31,Syracuse,NY,163333.0,-2.0
2020-12-31,Colorado Springs,CO,382667.0,-0.17
2020-12-31,Winston-Salem,NC,203500.0,-0.97
2020-12-31,Wichita,KS,176450.0,-0.08
2020-12-31,Springfield,MA,248692.0,0.0
2020-12-31,Fort Myers,FL,260667.0,2.06
2020-12-31,Boise City,ID,383287.0,1.95
2020-12-31,Toledo,OH,145500.0,0.58
2020-12-31,Madison,WI,296950.0,0.55
2020-12-31,Lakeland,FL,230333.0,1.21
2020-12-31,Ogden,UT,340850.0,-0.07
2020-12-31,Daytona Beach,FL,251950.0,1.21
2020-12-31,Des Moines,IA,238583.0,1.52
2020-12-31,Provo,UT,379433.0,1.82
2020-12-31,Durham,NC,315000.0,1.61
2020-12-31,Fort Collins,CO,416325.0,-2.35
2021-01-31,New York,NY,472000.0,0.0
2021-01-31,Los Angeles-Long Beach-Anaheim,CA,732500.0,-0.7
2021-01-31,Chicago,IL,259000.0,-1.89
2021-01-31,Dallas-Fort Worth,TX,297663.0,-0.89
2021-01-31,Philadelphia,PA,276542.0,-0.72
2021-01-31,Houston,TX,266163.0,-0.62
2021-01-31,Washington,DC,443333.0,-1.85
2021-01-31,Miami-Fort Lauderdale,FL,332667.0,0.5
2021-01-31,Atlanta,GA,288305.0,-0.39
2021-01-31,Boston,MA,511333.0,0.0
2021-01-31,San Francisco,CA,874333.0,-1.83
2021-01-31,Detroit,MI,210000.0,-2.78
2021-01-31,Riverside,CA,437667.0,0.61
2021-01-31,Phoenix,AZ,339467.0,0.49
2021-01-31,Seattle,WA,554258.0,-0.44
2021-01-31,Minneapolis-St Paul,MN,307667.0,-0.78
2021-01-31,San Diego,CA,659667.0,-0.13
2021-01-31,St. Louis,MO,208583.0,-1.18
2021-01-31,Tampa,FL,263663.0,-0.13
2021-01-31,Baltimore,MD,316667.0,-0.52
2021-01-31,Denver,CO,466667.0,-0.71
2021-01-31,Pittsburgh,PA,185000.0,-1.94
2021-01-31,Portland,OR,440467.0,-0.38
2021-01-31,Charlotte,NC,295379.0,-1.12
2021-01-31,Sacramento,CA,473333.0,-0.89
2021-01-31,San Antonio,TX,256000.0,-0.37
2021-01-31,Orlando,FL,289000.0,0.49
2021-01-31,Cincinnati,OH,208667.0,-2.32
2021-01-31,Cleveland,OH,167750.0,-2.73
2021-01-31,Kansas City,MO,247000.0,-1.2
2021-01-31,Las Vegas,NV,331333.0,0.11
2021-01-31,Columbus,OH,235041.0,0.14
2021-01-31,Indianapolis,IN,220967.0,-1.49
2021-01-31,San Jose,CA,1111500.0,-1.21
2021-01-31,Austin,TX,370333.0,-0.01
2021-01-31,Virginia Beach,VA,275667.0,-0.6
2021-01-31,Nashville,TN,326535.0,-1.02
2021-01-31,Providence,RI,327333.0,-1.01
2021-01-31,Milwaukee,WI,215667.0,-1.52
2021-01-31,Jacksonville,FL,279348.0,0.15
2021-01-31,Memphis,TN,216667.0,-2.26
2021-01-31,Oklahoma City,OK,210983.0,-0.24
2021-01-31,Louisville-Jefferson County,KY,210367.0,-1.45
2021-01-31,Hartford,CT,255333.0,-0.38
2021-01-31,Richmond,VA,287483.0,-1.43
2021-01-31,New Orleans,LA,230000.0,-0.72
2021-01-31,Buffalo,NY,185500.0,-1.42
2021-01-31,Raleigh,NC,314000.0,-0.26
2021-01-31,Birmingham,AL,227755.0,-0.89
2021-01-31,Salt Lake City,UT,391333.0,0.47
2021-01-31,Rochester,NY,170817.0,-2.57
2021-01-31,Grand Rapids,MI,229633.0,-1.43
2021-01-31,Tucson,AZ,262817.0,1.08
2021-01-31,Urban Honolulu,HI,630000.0,1.69
2021-01-31,Tulsa,OK,201583.0,-1.22
2021-01-31,Fresno,CA,322750.0,-0.49
2021-01-31,Worcester,MA,323650.0,0.52
2021-01-31,Stamford,CT,473901.0,-1.73
2021-01-31,Albuquerque,NM,250233.0,-0.33
2021-01-31,Albany,NY,221353.0,-1.62
2021-01-31,Omaha,NE,220833.0,-0.38
2021-01-31,New Haven,CT,255333.0,-1.42
2021-01-31,Bakersfield,CA,285000.0,0.53
2021-01-31,Knoxville,TN,237450.0,-0.07
2021-01-31,Greenville,SC,236217.0,-0.84
2021-01-31,Ventura,CA,683833.0,0.74
2021-01-31,Allentown,PA,233150.0,-0.79
2021-01-31,El Paso,TX,181783.0,0.37
2021-01-31,Baton Rouge,LA,224450.0,-0.76
2021-01-31,Dayton,OH,161750.0,0.0
2021-01-31,McAllen,TX,178400.0,2.73
2021-01-31,Columbia,SC,204967.0,-0.49
2021-01-31,Greensboro,NC,191667.0,-0.78
2021-01-31,Akron,OH,157433.0,-4.93
2021-01-31,North Port-Sarasota-Bradenton,FL,318667.0,1.12
2021-01-31,Little Rock,AR,185688.0,-1.65
2021-01-31,Stockton,CA,456417.0,0.33
2021-01-31,Charleston,SC,322232.0,-0.12
2021-01-31,Syracuse,NY,160150.0,-1.95
2021-01-31,Colorado Springs,CO,380682.0,-0.52
2021-01-31,Winston-Salem,NC,199167.0,-2.13
2021-01-31,Wichita,KS,174800.0,-0.94
2021-01-31,Springfield,MA,247000.0,-0.68
2021-01-31,Fort Myers,FL,263667.0,1.15
2021-01-31,Boise City,ID,391654.0,2.18
2021-01-31,Toledo,OH,146167.0,0.46
2021-01-31,Madison,WI,298617.0,0.56
2021-01-31,Lakeland,FL,231733.0,0.61
2021-01-31,Ogden,UT,344183.0,0.98
2021-01-31,Daytona Beach,FL,253650.0,0.67
2021-01-31,Des Moines,IA,238917.0,0.14
2021-01-31,Provo,UT,386183.0,1.78
2021-01-31,Durham,NC,315833.0,0.26
2021-01-31,Fort Collins,CO,414658.0,-0.4
2021-02-28,New York,NY,472000.0,0.0
2021-02-28,Los Angeles-Long Beach-Anaheim,CA,737500.0,0.68
2021-02-28,Chicago,IL,256666.0,-0.9
2021-02-28,Dallas-Fort Worth,TX,300997.0,1.12
2021-02-28,Philadelphia,PA,272333.0,-1.52
2021-02-28,Houston,TX,268660.0,0.94
2021-02-28,Washington,DC,435000.0,-1.88
2021-02-28,Miami-Fort Lauderdale,FL,337333.0,1.4
2021-02-28,Atlanta,GA,288333.0,0.01
2021-02-28,Boston,MA,514333.0,0.59
2021-02-28,San Francisco,CA,873750.0,-0.07
2021-02-28,Detroit,MI,204667.0,-2.54
2021-02-28,Riverside,CA,442667.0,1.14
2021-02-28,Phoenix,AZ,345342.0,1.73
2021-02-28,Seattle,WA,557592.0,0.6
2021-02-28,Minneapolis-St Paul,MN,307667.0,0.0
2021-02-28,San Diego,CA,666333.0,1.01
2021-02-28,St. Louis,MO,204683.0,-1.87
2021-02-28,Tampa,FL,265497.0,0.7
2021-02-28,Baltimore,MD,310000.0,-2.11
2021-02-28,Denver,CO,468833.0,0.46
2021-02-28,Pittsburgh,PA,184750.0,-0.14
2021-02-28,Portland,OR,445333.0,1.1
2021-02-28,Charlotte,NC,293713.0,-0.56
2021-02-28,Sacramento,CA,478333.0,1.06
2021-02-28,San Antonio,TX,257633.0,0.64
2021-02-28,Orlando,FL,290667.0,0.58
2021-02-28,Cincinnati,OH,203167.0,-2.64
2021-02-28,Cleveland,OH,165733.0,-1.2
2021-02-28,Kansas City,MO,247000.0,0.0
2021-02-28,Las Vegas,NV,334667.0,1.01
2021-02-28,Columbus,OH,231425.0,-1.54
2021-02-28,Indianapolis,IN,220000.0,-0.44
2021-02-28,San Jose,CA,1120833.0,0.84
2021-02-28,Austin,TX,380667.0,2.79
2021-02-28,Virginia Beach,VA,271665.0,-1.45
2021-02-28,Nashville,TN,330532.0,1.22
2021-02-28,Providence,RI,321750.0,-1.71
2021-02-28,Milwaukee,WI,212667.0,-1.39
2021-02-28,Jacksonville,FL,280181.0,0.3
2021-02-28,Memphis,TN,212500.0,-1.92
2021-02-28,Oklahoma City,OK,209833.0,-0.55
2021-02-28,Louisville-Jefferson County,KY,206367.0,-1.9
2021-02-28,Hartford,CT,251833.0,-1.37
2021-02-28,Richmond,VA,288167.0,0.24
2021-02-28,New Orleans,LA,228000.0,-0.87
2021-02-28,Buffalo,NY,181000.0,-2.43
2021-02-28,Raleigh,NC,315667.0,0.53
2021-02-28,Birmingham,AL,227622.0,-0.06
2021-02-28,Salt Lake City,UT,401833.0,2.68
2021-02-28,Rochester,NY,166833.0,-2.33
2021-02-28,Grand Rapids,MI,229667.0,0.01
2021-02-28,Tucson,AZ,266150.0,1.27
2021-02-28,Urban Honolulu,HI,639650.0,1.53
2021-02-28,Tulsa,OK,201000.0,-0.29
2021-02-28,Fresno,CA,328750.0,1.86
2021-02-28,Worcester,MA,315333.0,-2.57
2021-02-28,Stamford,CT,477167.0,0.69
2021-02-28,Albuquerque,NM,254167.0,1.57
2021-02-28,Albany,NY,218020.0,-1.51
2021-02-28,Omaha,NE,222000.0,0.53
2021-02-28,New Haven,CT,250333.0,-1.96
2021-02-28,Bakersfield,CA,281333.0,-1.29
2021-02-28,Knoxville,TN,235950.0,-0.63
2021-02-28,Greenville,SC,233667.0,-1.08
2021-02-28,Ventura,CA,681833.0,-0.29
2021-02-28,Allentown,PA,229067.0,-1.75
2021-02-28,El Paso,TX,183483.0,0.94
2021-02-28,Baton Rouge,LA,221950.0,-1.11
2021-02-28,Dayton,OH,159083.0,-1.65
2021-02-28,McAllen,TX,177067.0,-0.75
2021-02-28,Columbia,SC,204633.0,-0.16
2021-02-28,Greensboro,NC,187582.0,-2.13
2021-02-28,Akron,OH,149467.0,-5.06
2021-02-28,North Port-Sarasota-Bradenton,FL,321667.0,0.94
2021-02-28,Little Rock,AR,182355.0,-1.79
2021-02-28,Stockton,CA,459417.0,0.66
2021-02-28,Charleston,SC,325733.0,1.09
2021-02-28,Syracuse,NY,155150.0,-3.12
2021-02-28,Colorado Springs,CO,386515.0,1.53
2021-02-28,Winston-Salem,NC,197167.0,-1.0
2021-02-28,Wichita,KS,174833.0,0.02
2021-02-28,Springfield,MA,244667.0,-0.94
2021-02-28,Fort Myers,FL,260333.0,-1.26
2021-02-28,Boise City,ID,403167.0,2.94
2021-02-28,Toledo,OH,142833.0,-2.28
2021-02-28,Madison,WI,294950.0,-1.23
2021-02-28,Lakeland,FL,231763.0,0.01
2021-02-28,Ogden,UT,342842.0,-0.39
2021-02-28,Daytona Beach,FL,255967.0,0.91
2021-02-28,Des Moines,IA,237250.0,-0.7
2021-02-28,Provo,UT,391850.0,1.47
2021-02-28,Durham,NC,310917.0,-1.56
2021-02-28,Fort Collins,CO,420000.0,1.29
2021-03-31,New York,NY,473333.0,0.28
2021-03-31,Los Angeles-Long Beach-Anaheim,CA,752500.0,2.03
2021-03-31,Chicago,IL,259333.0,1.04
2021-03-31,Dallas-Fort Worth,TX,307663.0,2.21
2021-03-31,Philadelphia,PA,268900.0,-1.26
2021-03-31,Houston,TX,274330.0,2.11
2021-03-31,Washington,DC,436667.0,0.38
2021-03-31,Miami-Fort Lauderdale,FL,341000.0,1.09
2021-03-31,Atlanta,GA,294500.0,2.14
2021-03-31,Boston,MA,522667.0,1.62
2021-03-31,San Francisco,CA,905000.0,3.58
2021-03-31,Detroit,MI,204667.0,0.0
2021-03-31,Riverside,CA,451000.0,1.88
2021-03-31,Phoenix,AZ,354117.0,2.54
2021-03-31,Seattle,WA,578235.0,3.7
2021-03-31,Minneapolis-St Paul,MN,312667.0,1.63
2021-03-31,San Diego,CA,684667.0,2.75
2021-03-31,St. Louis,MO,204649.0,-0.02
2021-03-31,Tampa,FL,268000.0,0.94
2021-03-31,Baltimore,MD,310000.0,0.0
2021-03-31,Denver,CO,482167.0,2.84
2021-03-31,Pittsburgh,PA,189417.0,2.53
2021-03-31,Portland,OR,455833.0,2.36
2021-03-31,Charlotte,NC,298333.0,1.57
2021-03-31,Sacramento,CA,490000.0,2.44
2021-03-31,San Antonio,TX,257808.0,0.07
2021-03-31,Orlando,FL,293667.0,1.03
2021-03-31,Cincinnati,OH,203167.0,0.0
2021-03-31,Cleveland,OH,164067.0,-1.01
2021-03-31,Kansas City,MO,252000.0,2.02
2021-03-31,Las Vegas,NV,338534.0,1.16
2021-03-31,Columbus,OH,233091.0,0.72
2021-03-31,Indianapolis,IN,221000.0,0.45
2021-03-31,San Jose,CA,1163000.0,3.76
2021-03-31,Austin,TX,400363.0,5.17
2021-03-31,Virginia Beach,VA,272998.0,0.49
2021-03-31,Nashville,TN,335630.0,1.54
2021-03-31,Providence,RI,321917.0,0.05
2021-03-31,Milwaukee,WI,214333.0,0.78
2021-03-31,Jacksonville,FL,283931.0,1.34
2021-03-31,Memphis,TN,214750.0,1.06
2021-03-31,Oklahoma City,OK,211188.0,0.65
2021-03-31,Louisville-Jefferson County,KY,209133.0,1.34
2021-03-31,Hartford,CT,250167.0,-0.66
2021-03-31,Richmond,VA,287292.0,-0.3
2021-03-31,New Orleans,LA,229667.0,0.73
2021-03-31,Buffalo,NY,177417.0,-1.98
2021-03-31,Raleigh,NC,322000.0,2.01
2021-03-31,Birmingham,AL,232289.0,2.05
2021-03-31,Salt Lake City,UT,412833.0,2.74
2021-03-31,Rochester,NY,164500.0,-1.4
2021-03-31,Grand Rapids,MI,235000.0,2.32
2021-03-31,Tucson,AZ,274483.0,3.13
2021-03-31,Urban Honolulu,HI,624650.0,-2.35
2021-03-31,Tulsa,OK,203333.0,1.16
2021-03-31,Fresno,CA,332750.0,1.22
2021-03-31,Worcester,MA,316133.0,0.25
2021-03-31,Stamford,CT,470000.0,-1.5
2021-03-31,Albuquerque,NM,257000.0,1.11
2021-03-31,Albany,NY,215187.0,-1.3
2021-03-31,Omaha,NE,229000.0,3.15
2021-03-31,New Haven,CT,251000.0,0.27
2021-03-31,Bakersfield,CA,286667.0,1.9
2021-03-31,Knoxville,TN,239960.0,1.7
2021-03-31,Greenville,SC,232333.0,-0.57
2021-03-31,Ventura,CA,691667.0,1.44
2021-03-31,Allentown,PA,227983.0,-0.47
2021-03-31,El Paso,TX,183650.0,0.09
2021-03-31,Baton Rouge,LA,224300.0,1.06
2021-03-31,Dayton,OH,156500.0,-1.62
2021-03-31,McAllen,TX,177067.0,0.0
2021-03-31,Columbia,SC,205333.0,0.34
2021-03-31,Greensboro,NC,190915.0,1.78
2021-03-31,Akron,OH,149867.0,0.27
2021-03-31,North Port-Sarasota-Bradenton,FL,326977.0,1.65
2021-03-31,Little Rock,AR,182300.0,-0.03
2021-03-31,Stockton,CA,469667.0,2.23
2021-03-31,Charleston,SC,331483.0,1.77
2021-03-31,Syracuse,NY,153483.0,-1.07
2021-03-31,Colorado Springs,CO,395148.0,2.23
2021-03-31,Winston-Salem,NC,195833.0,-0.68
2021-03-31,Wichita,KS,173333.0,-0.86
2021-03-31,Springfield,MA,243000.0,-0.68
2021-03-31,Fort Myers,FL,255000.0,-2.05
2021-03-31,Boise City,ID,419148.0,3.96
2021-03-31,Toledo,OH,141500.0,-0.93
2021-03-31,Madison,WI,304633.0,3.28
2021-03-31,Lakeland,FL,234730.0,1.28
2021-03-31,Ogden,UT,350408.0,2.21
2021-03-31,Daytona Beach,FL,259297.0,1.3
2021-03-31,Des Moines,IA,234667.0,-1.09
2021-03-31,Provo,UT,400083.0,2.1
2021-03-31,Durham,NC,316750.0,1.88
2021-03-31,Fort Collins,CO,432433.0,2.96
2021-04-30,New York,NY,480000.0,1.41
2021-04-30,Los Angeles-Long Beach-Anaheim,CA,778333.0,3.43
2021-04-30,Chicago,IL,267666.0,3.21
2021-04-30,Dallas-Fort Worth,TX,320000.0,4.01
2021-04-30,Philadelphia,PA,271567.0,0.99
2021-04-30,Houston,TX,284995.0,3.89
2021-04-30,Washington,DC,455000.0,4.2
2021-04-30,Miami-Fort Lauderdale,FL,346000.0,1.47
2021-04-30,Atlanta,GA,306167.0,3.96
2021-04-30,Boston,MA,539333.0,3.19
2021-04-30,San Francisco,CA,974167.0,7.64
2021-04-30,Detroit,MI,212500.0,3.83
2021-04-30,Riverside,CA,463333.0,2.73
2021-04-30,Phoenix,AZ,364450.0,2.92
2021-04-30,Seattle,WA,603327.0,4.34
2021-04-30,Minneapolis-St Paul,MN,323333.0,3.41
2021-04-30,San Diego,CA,708000.0,3.41
2021-04-30,St. Louis,MO,207483.0,1.38
2021-04-30,Tampa,FL,275667.0,2.86
2021-04-30,Baltimore,MD,306667.0,-1.08
2021-04-30,Denver,CO,502437.0,4.2
2021-04-30,Pittsburgh,PA,196083.0,3.52
2021-04-30,Portland,OR,468833.0,2.85
2021-04-30,Charlotte,NC,308333.0,3.35
2021-04-30,Sacramento,CA,505000.0,3.06
2021-04-30,San Antonio,TX,263608.0,2.25
2021-04-30,Orlando,FL,298667.0,1.7
2021-04-30,Cincinnati,OH,212467.0,4.58
2021-04-30,Cleveland,OH,166817.0,1.68
2021-04-30,Kansas City,MO,259333.0,2.91
2021-04-30,Las Vegas,NV,345201.0,1.97
2021-04-30,Columbus,OH,239383.0,2.7
2021-04-30,Indianapolis,IN,227667.0,3.02
2021-04-30,San Jose,CA,1223333.0,5.19
2021-04-30,Austin,TX,434382.52173913043,8.5
2021-04-30,Virginia Beach,VA,277998.0,1.83
2021-04-30,Nashville,TN,344982.0,2.79
2021-04-30,Providence,RI,328583.0,2.07
2021-04-30,Milwaukee,WI,220883.0,3.06
2021-04-30,Jacksonville,FL,294500.0,3.72
2021-04-30,Memphis,TN,220417.0,2.64
2021-04-30,Oklahoma City,OK,213355.0,1.03
2021-04-30,Louisville-Jefferson County,KY,213333.0,2.01
2021-04-30,Hartford,CT,253500.0,1.33
2021-04-30,Richmond,VA,296625.0,3.25
2021-04-30,New Orleans,LA,235352.0,2.48
2021-04-30,Buffalo,NY,180083.0,1.5
2021-04-30,Raleigh,NC,335667.0,4.24
2021-04-30,Birmingham,AL,239500.0,3.1
2021-04-30,Salt Lake City,UT,430500.0,4.28
2021-04-30,Rochester,NY,170533.0,3.67
2021-04-30,Grand Rapids,MI,248083.0,5.57
2021-04-30,Tucson,AZ,280000.0,2.01
2021-04-30,Urban Honolulu,HI,618817.0,-0.93
2021-04-30,Tulsa,OK,207833.0,2.21
2021-04-30,Fresno,CA,339667.0,2.08
2021-04-30,Worcester,MA,319467.0,1.05
2021-04-30,Stamford,CT,481833.0,2.52
2021-04-30,Albuquerque,NM,265000.0,3.11
2021-04-30,Albany,NY,218817.0,1.69
2021-04-30,Omaha,NE,237800.0,3.84
2021-04-30,New Haven,CT,256667.0,2.26
2021-04-30,Bakersfield,CA,290000.0,1.16
2021-04-30,Knoxville,TN,243333.0,1.41
2021-04-30,Greenville,SC,236287.0,1.7
2021-04-30,Ventura,CA,710000.0,2.65
2021-04-30,Allentown,PA,228167.0,0.08
2021-04-30,El Paso,TX,185167.0,0.83
2021-04-30,Baton Rouge,LA,229317.0,2.24
2021-04-30,Dayton,OH,158167.0,1.07
2021-04-30,McAllen,TX,180000.0,1.66
2021-04-30,Columbia,SC,211500.0,3.0
2021-04-30,Greensboro,NC,195915.0,2.62
2021-04-30,Akron,OH,155867.0,4.0
2021-04-30,North Port-Sarasota-Bradenton,FL,333977.0,2.14
2021-04-30,Little Rock,AR,189933.0,4.19
2021-04-30,Stockton,CA,484667.0,3.19
2021-04-30,Charleston,SC,338667.0,2.17
2021-04-30,Syracuse,NY,158733.0,3.42
2021-04-30,Colorado Springs,CO,407758.0,3.19
2021-04-30,Winston-Salem,NC,197667.0,0.94
2021-04-30,Wichita,KS,174083.0,0.43
2021-04-30,Springfield,MA,246333.0,1.37
2021-04-30,Fort Myers,FL,251693.0,-1.3
2021-04-30,Boise City,ID,435795.0,3.97
2021-04-30,Toledo,OH,142833.0,0.94
2021-04-30,Madison,WI,312967.0,2.74
2021-04-30,Lakeland,FL,236330.0,0.68
2021-04-30,Ogden,UT,365408.0,4.28
2021-04-30,Daytona Beach,FL,264963.0,2.19
2021-04-30,Des Moines,IA,237167.0,1.07
2021-04-30,Provo,UT,418136.0,4.51
2021-04-30,Durham,NC,327250.0,3.31
2021-04-30,Fort Collins,CO,435767.0,0.77
2021-05-31,New York,NY,490000.0,2.08
2021-05-31,Los Angeles-Long Beach-Anaheim,CA,803333.0,3.21
2021-05-31,Chicago,IL,280250.0,4.7
2021-05-31,Dallas-Fort Worth,TX,333333.0,4.17
2021-05-31,Philadelphia,PA,278400.0,2.52
2021-05-31,Houston,TX,293332.0,2.93
2021-05-31,Washington,DC,480333.0,5.57
2021-05-31,Miami-Fort Lauderdale,FL,350667.0,1.35
2021-05-31,Atlanta,GA,319500.0,4.35
2021-05-31,Boston,MA,560333.0,3.89
2021-05-31,San Francisco,CA,1032500.0,5.99
2021-05-31,Detroit,MI,224833.0,5.8
2021-05-31,Riverside,CA,475000.0,2.52
2021-05-31,Phoenix,AZ,376950.0,3.43
2021-05-31,Seattle,WA,631660.0,4.7
2021-05-31,Minneapolis-St Paul,MN,333300.0,3.08
2021-05-31,San Diego,CA,728000.0,2.82
2021-05-31,St. Louis,MO,215799.0,4.01
2021-05-31,Tampa,FL,282333.0,2.42
2021-05-31,Baltimore,MD,316000.0,3.04
2021-05-31,Denver,CO,524603.0,4.41
2021-05-31,Pittsburgh,PA,204667.0,4.38
2021-05-31,Portland,OR,480900.0,2.57
2021-05-31,Charlotte,NC,321667.0,4.32
2021-05-31,Sacramento,CA,521000.0,3.17
2021-05-31,San Antonio,TX,270308.0,2.54
2021-05-31,Orlando,FL,302333.0,1.23
2021-05-31,Cincinnati,OH,220300.0,3.69
2021-05-31,Cleveland,OH,174000.0,4.31
2021-05-31,Kansas City,MO,269333.0,3.86
2021-05-31,Las Vegas,NV,353534.0,2.41
2021-05-31,Columbus,OH,254000.0,6.11
2021-05-31,Indianapolis,IN,238167.0,4.61
2021-05-31,San Jose,CA,1278333.0,4.5
2021-05-31,Austin,TX,460194.0,5.94
2021-05-31,Virginia Beach,VA,286333.0,3.0
2021-05-31,Nashville,TN,355952.0,3.18
2021-05-31,Providence,RI,340833.0,3.73
2021-05-31,Milwaukee,WI,228217.0,3.32
2021-05-31,Jacksonville,FL,304332.0,3.34
2021-05-31,Memphis,TN,231250.0,4.91
2021-05-31,Oklahoma City,OK,216355.0,1.41
2021-05-31,Louisville-Jefferson County,KY,220000.0,3.13
2021-05-31,Hartford,CT,262333.0,3.48
2021-05-31,Richmond,VA,300958.0,1.46
2021-05-31,New Orleans,LA,239018.0,1.56
2021-05-31,Buffalo,NY,189633.0,5.3
2021-05-31,Raleigh,NC,347583.0,3.55
2021-05-31,Birmingham,AL,248626.0,3.81
2021-05-31,Salt Lake City,UT,443333.0,2.98
2021-05-31,Rochester,NY,179783.0,5.42
2021-05-31,Grand Rapids,MI,259750.0,4.7
2021-05-31,Tucson,AZ,289667.0,3.45
2021-05-31,Urban Honolulu,HI,623083.0,0.69
2021-05-31,Tulsa,OK,212000.0,2.0
2021-05-31,Fresno,CA,343667.0,1.18
2021-05-31,Worcester,MA,337467.0,5.63
2021-05-31,Stamford,CT,506650.0,5.15
2021-05-31,Albuquerque,NM,270000.0,1.89
2021-05-31,Albany,NY,225817.0,3.2
2021-05-31,Omaha,NE,244967.0,3.01
2021-05-31,New Haven,CT,270000.0,5.19
2021-05-31,Bakersfield,CA,300000.0,3.45
2021-05-31,Knoxville,TN,250142.0,2.8
2021-05-31,Greenville,SC,243621.0,3.1
2021-05-31,Ventura,CA,730000.0,2.82
2021-05-31,Allentown,PA,234250.0,2.67
2021-05-31,El Paso,TX,189150.0,2.15
2021-05-31,Baton Rouge,LA,232650.0,1.45
2021-05-31,Dayton,OH,165500.0,4.64
2021-05-31,McAllen,TX,182051.0,1.14
2021-05-31,Columbia,SC,217500.0,2.84
2021-05-31,Greensboro,NC,198333.0,1.23
2021-05-31,Akron,OH,163867.0,5.13
2021-05-31,North Port-Sarasota-Bradenton,FL,342643.0,2.59
2021-05-31,Little Rock,AR,197300.0,3.88
2021-05-31,Stockton,CA,495000.0,2.13
2021-05-31,Charleston,SC,351308.0,3.73
2021-05-31,Syracuse,NY,165400.0,4.2
2021-05-31,Colorado Springs,CO,417591.0,2.41
2021-05-31,Winston-Salem,NC,192667.0,-2.53
2021-05-31,Wichita,KS,188833.0,8.47
2021-05-31,Springfield,MA,255333.0,3.65
2021-05-31,Fort Myers,FL,257527.0,2.32
2021-05-31,Boise City,ID,451628.0,3.63
2021-05-31,Toledo,OH,145167.0,1.63
2021-05-31,Madison,WI,327200.0,4.55
2021-05-31,Lakeland,FL,242963.0,2.81
2021-05-31,Ogden,UT,386895.0,5.88
2021-05-31,Daytona Beach,FL,268978.0,1.52
2021-05-31,Des Moines,IA,242500.0,2.25
2021-05-31,Provo,UT,434803.0,3.99
2021-05-31,Durham,NC,347833.0,6.29
2021-05-31,Fort Collins,CO,448737.0,2.98
2021-06-30,New York,NY,505998.0,3.26
2021-06-30,Los Angeles-Long Beach-Anaheim,CA,820000.0,2.07
2021-06-30,Chicago,IL,289250.0,3.21
2021-06-30,Dallas-Fort Worth,TX,344833.0,3.45
2021-06-30,Philadelphia,PA,288500.0,3.63
2021-06-30,Houston,TX,300665.0,2.5
2021-06-30,Washington,DC,495333.0,3.12
2021-06-30,Miami-Fort Lauderdale,FL,356450.0,1.65
2021-06-30,Atlanta,GA,330000.0,3.29
2021-06-30,Boston,MA,583667.0,4.16
2021-06-30,San Francisco,CA,1060833.0,2.74
2021-06-30,Detroit,MI,233167.0,3.71
2021-06-30,Riverside,CA,485000.0,2.11
2021-06-30,Phoenix,AZ,389500.0,3.33
2021-06-30,Seattle,WA,648333.0,2.64
2021-06-30,Minneapolis-St Paul,MN,339967.0,2.0
2021-06-30,San Diego,CA,744667.0,2.29
2021-06-30,St. Louis,MO,223333.0,3.49
2021-06-30,Tampa,FL,292667.0,3.66
2021-06-30,Baltimore,MD,327667.0,3.69
2021-06-30,Denver,CO,539603.0,2.86
2021-06-30,Pittsburgh,PA,212917.0,4.03
2021-06-30,Portland,OR,490400.0,1.98
2021-06-30,Charlotte,NC,331667.0,3.11
2021-06-30,Sacramento,CA,535167.0,2.72
2021-06-30,San Antonio,TX,278467.0,3.02
2021-06-30,Orlando,FL,309333.0,2.32
2021-06-30,Cincinnati,OH,233300.0,5.9
2021-06-30,Cleveland,OH,182669.0,4.98
2021-06-30,Kansas City,MO,276000.0,2.48
2021-06-30,Las Vegas,NV,362957.0,2.67
2021-06-30,Columbus,OH,265917.0,4.69
2021-06-30,Indianapolis,IN,249333.0,4.69
2021-06-30,San Jose,CA,1310000.0,2.48
2021-06-30,Austin,TX,478140.0,3.9
2021-06-30,Virginia Beach,VA,293333.0,2.44
2021-06-30,Nashville,TN,368368.0,3.49
2021-06-30,Providence,RI,354667.0,4.06
2021-06-30,Milwaukee,WI,238217.0,4.38
2021-06-30,Jacksonville,FL,313332.0,2.96
2021-06-30,Memphis,TN,241163.0,4.29
2021-06-30,Oklahoma City,OK,221000.0,2.15
2021-06-30,Louisville-Jefferson County,KY,226667.0,3.03
2021-06-30,Hartford,CT,272333.0,3.81
2021-06-30,Richmond,VA,310167.0,3.06
2021-06-30,New Orleans,LA,245685.0,2.79
2021-06-30,Buffalo,NY,199217.0,5.05
2021-06-30,Raleigh,NC,352968.1304347826,1.55
2021-06-30,Birmingham,AL,253959.0,2.14
2021-06-30,Salt Lake City,UT,457667.0,3.23
2021-06-30,Rochester,NY,190450.0,5.93
2021-06-30,Grand Rapids,MI,266417.0,2.57
2021-06-30,Tucson,AZ,298000.0,2.88
2021-06-30,Urban Honolulu,HI,641417.0,2.94
2021-06-30,Tulsa,OK,217000.0,2.36
2021-06-30,Fresno,CA,349333.0,1.65
2021-06-30,Worcester,MA,352667.0,4.5
2021-06-30,Stamford,CT,541650.0,6.91
2021-06-30,Albuquerque,NM,279667.0,3.58
2021-06-30,Albany,NY,233650.0,3.47
2021-06-30,Omaha,NE,249633.0,1.9
2021-06-30,New Haven,CT,280142.0,3.76
2021-06-30,Bakersfield,CA,300000.0,0.0
2021-06-30,Knoxville,TN,255558.0,2.17
2021-06-30,Greenville,SC,252121.0,3.49
2021-06-30,Ventura,CA,755000.0,3.42
2021-06-30,Allentown,PA,242833.0,3.66
2021-06-30,El Paso,TX,193150.0,2.11
2021-06-30,Baton Rouge,LA,236083.0,1.48
2021-06-30,Dayton,OH,172333.0,4.13
2021-06-30,McAllen,TX,185718.0,2.01
2021-06-30,Columbia,SC,224350.0,3.15
2021-06-30,Greensboro,NC,194833.0,-1.76
2021-06-30,Akron,OH,170833.0,4.25
2021-06-30,North Port-Sarasota-Bradenton,FL,350000.0,2.15
2021-06-30,Little Rock,AR,200667.0,1.71
2021-06-30,Stockton,CA,508333.0,2.69
2021-06-30,Charleston,SC,356474.0,1.47
2021-06-30,Syracuse,NY,170400.0,3.02
2021-06-30,Colorado Springs,CO,431625.0,3.36
2021-06-30,Winston-Salem,NC,189317.0,-1.74
2021-06-30,Wichita,KS,196417.0,4.02
2021-06-30,Springfield,MA,267000.0,4.57
2021-06-30,Fort Myers,FL,262860.0,2.07
2021-06-30,Boise City,ID,463313.0,2.59
2021-06-30,Toledo,OH,147333.0,1.49
2021-06-30,Madison,WI,332550.0,1.64
2021-06-30,Lakeland,FL,248660.0,2.34
2021-06-30,Ogden,UT,405312.0,4.76
2021-06-30,Daytona Beach,FL,273982.0,1.86
2021-06-30,Des Moines,IA,249917.0,3.06
2021-06-30,Provo,UT,449803.0,3.45
2021-06-30,Durham,NC,360000.0,3.5
2021-06-30,Fort Collins,CO,455137.0,1.43
2021-07-31,New York,NY,519331.0,2.63
2021-07-31,Los Angeles-Long Beach-Anaheim,CA,828000.0,0.98
2021-07-31,Chicago,IL,292583.0,1.15
2021-07-31,Dallas-Fort Worth,TX,353833.0,2.61
2021-07-31,Philadelphia,PA,298500.0,3.47
2021-07-31,Houston,TX,305333.0,1.55
2021-07-31,Washington,DC,500333.0,1.01
2021-07-31,Miami-Fort Lauderdale,FL,362450.0,1.68
2021-07-31,Atlanta,GA,336667.0,2.02
2021-07-31,Boston,MA,595333.0,2.0
2021-07-31,San Francisco,CA,1058333.0,-0.24
2021-07-31,Detroit,MI,241000.0,3.36
2021-07-31,Riverside,CA,493333.0,1.72
2021-07-31,Phoenix,AZ,399500.0,2.57
2021-07-31,Seattle,WA,658333.0,1.54
2021-07-31,Minneapolis-St Paul,MN,343633.0,1.08
2021-07-31,San Diego,CA,751667.0,0.94
2021-07-31,St. Louis,MO,230833.0,3.36
2021-07-31,Tampa,FL,300333.0,2.62
2021-07-31,Baltimore,MD,339333.0,3.56
2021-07-31,Denver,CO,547667.0,1.49
2021-07-31,Pittsburgh,PA,219583.0,3.13
2021-07-31,Portland,OR,498653.0,1.68
2021-07-31,Charlotte,NC,338333.0,2.01
2021-07-31,Sacramento,CA,545833.0,1.99
2021-07-31,San Antonio,TX,285667.0,2.59
2021-07-31,Orlando,FL,319333.0,3.23
2021-07-31,Cincinnati,OH,238333.0,2.16
2021-07-31,Cleveland,OH,190669.0,4.38
2021-07-31,Kansas City,MO,281667.0,2.05
2021-07-31,Las Vegas,NV,372957.0,2.76
2021-07-31,Columbus,OH,271250.0,2.01
2021-07-31,Indianapolis,IN,256667.0,2.94
2021-07-31,San Jose,CA,1311500.0,0.11
2021-07-31,Austin,TX,484308.0,1.29
2021-07-31,Virginia Beach,VA,298333.0,1.7
2021-07-31,Nashville,TN,380700.0,3.35
2021-07-31,Providence,RI,362967.0,2.34
2021-07-31,Milwaukee,WI,241667.0,1.45
2021-07-31,Jacksonville,FL,317315.0,1.27
2021-07-31,Memphis,TN,248830.0,3.18
2021-07-31,Oklahoma City,OK,224667.0,1.66
2021-07-31,Louisville-Jefferson County,KY,233667.0,3.09
2021-07-31,Hartford,CT,279133.0,2.5
2021-07-31,Richmond,VA,315000.0,1.56
2021-07-31,New Orleans,LA,247333.0,0.67
2021-07-31,Buffalo,NY,209217.0,5.02
2021-07-31,Raleigh,NC,368417.0,4.38
2021-07-31,Birmingham,AL,254793.0,0.33
2021-07-31,Salt Lake City,UT,469000.0,2.48
2021-07-31,Rochester,NY,195250.0,2.52
2021-07-31,Grand Rapids,MI,268333.0,0.72
2021-07-31,Tucson,AZ,304517.0,2.19
2021-07-31,Urban Honolulu,HI,658917.0,2.73
2021-07-31,Tulsa,OK,220000.0,1.38
2021-07-31,Fresno,CA,354667.0,1.53
2021-07-31,Worcester,MA,361000.0,2.36
2021-07-31,Stamford,CT,563150.0,3.97
2021-07-31,Albuquerque,NM,285000.0,1.91
2021-07-31,Albany,NY,242000.0,3.57
2021-07-31,Omaha,NE,251667.0,0.81
2021-07-31,New Haven,CT,289975.0,3.51
2021-07-31,Bakersfield,CA,305000.0,1.67
2021-07-31,Knoxville,TN,262892.0,2.87
2021-07-31,Greenville,SC,257500.0,2.13
2021-07-31,Ventura,CA,757667.0,0.35
2021-07-31,Allentown,PA,256167.0,5.49
2021-07-31,El Paso,TX,198908.0,2.98
2021-07-31,Baton Rouge,LA,238156.0,0.88
2021-07-31,Dayton,OH,177167.0,2.81
2021-07-31,McAllen,TX,190718.0,2.69
2021-07-31,Columbia,SC,224400.0,0.02
2021-07-31,Greensboro,NC,186467.0,-4.29
2021-07-31,Akron,OH,175667.0,2.83
2021-07-31,North Port-Sarasota-Bradenton,FL,362998.0,3.71
2021-07-31,Little Rock,AR,203200.0,1.26
2021-07-31,Stockton,CA,509167.0,0.16
2021-07-31,Charleston,SC,360308.0,1.08
2021-07-31,Syracuse,NY,173833.0,2.01
2021-07-31,Colorado Springs,CO,443000.0,2.64
2021-07-31,Winston-Salem,NC,181650.0,-4.05
2021-07-31,Wichita,KS,209000.0,6.41
2021-07-31,Springfield,MA,275333.0,3.12
2021-07-31,Fort Myers,FL,267833.0,1.89
2021-07-31,Boise City,ID,472333.0,1.95
2021-07-31,Toledo,OH,151333.0,2.71
2021-07-31,Madison,WI,339883.0,2.21
2021-07-31,Lakeland,FL,256327.0,3.08
2021-07-31,Ogden,UT,415645.0,2.55
2021-07-31,Daytona Beach,FL,278515.0,1.65
2021-07-31,Des Moines,IA,253750.0,1.53
2021-07-31,Provo,UT,455500.0,1.27
2021-07-31,Durham,NC,371667.0,3.24
2021-07-31,Fort Collins,CO,472580.0,3.83
2021-08-31,New York,NY,529332.0,1.93
2021-08-31,Los Angeles-Long Beach-Anaheim,CA,829667.0,0.2
2021-08-31,Chicago,IL,291667.0,-0.31
2021-08-31,Dallas-Fort Worth,TX,355500.0,0.47
2021-08-31,Philadelphia,PA,308333.0,3.29
2021-08-31,Houston,TX,307000.0,0.55
2021-08-31,Washington,DC,496667.0,-0.73
2021-08-31,Miami-Fort Lauderdale,FL,364783.0,0.64
2021-08-31,Atlanta,GA,337000.0,0.1
2021-08-31,Boston,MA,598333.0,0.5
2021-08-31,San Francisco,CA,1033333.0,-2.36
2021-08-31,Detroit,MI,243167.0,0.9
2021-08-31,Riverside,CA,498333.0,1.01
2021-08-31,Phoenix,AZ,406617.0,1.78
2021-08-31,Seattle,WA,656667.0,-0.25
2021-08-31,Minneapolis-St Paul,MN,346333.0,0.79
2021-08-31,San Diego,CA,748750.0,-0.39
2021-08-31,St. Louis,MO,232500.0,0.72
2021-08-31,Tampa,FL,307167.0,2.28
2021-08-31,Baltimore,MD,343333.0,1.18
2021-08-31,Denver,CO,550000.0,0.43
2021-08-31,Pittsburgh,PA,219067.0,-0.23
2021-08-31,Portland,OR,504919.0,1.26
2021-08-31,Charlotte,NC,341667.0,0.99
2021-08-31,Sacramento,CA,549417.0,0.66
2021-08-31,San Antonio,TX,289833.0,1.46
2021-08-31,Orlando,FL,328300.0,2.81
2021-08-31,Cincinnati,OH,244482.0,2.58
2021-08-31,Cleveland,OH,195335.0,2.45
2021-08-31,Kansas City,MO,280000.0,-0.59
2021-08-31,Las Vegas,NV,377957.0,1.34
2021-08-31,Columbus,OH,274917.0,1.35
2021-08-31,Indianapolis,IN,256833.0,0.06
2021-08-31,San Jose,CA,1315667.0,0.32
2021-08-31,Austin,TX,485975.0,0.34
2021-08-31,Virginia Beach,VA,298867.0,0.18
2021-08-31,Nashville,TN,387400.0,1.76
2021-08-31,Providence,RI,372967.0,2.76
2021-08-31,Milwaukee,WI,240000.0,-0.69
2021-08-31,Jacksonville,FL,320817.0,1.1
2021-08-31,Memphis,TN,252163.0,1.34
2021-08-31,Oklahoma City,OK,224667.0,0.0
2021-08-31,Louisville-Jefferson County,KY,237000.0,1.43
2021-08-31,Hartford,CT,285133.0,2.15
2021-08-31,Richmond,VA,320176.0,1.64
2021-08-31,New Orleans,LA,250000.0,1.08
2021-08-31,Buffalo,NY,216667.0,3.56
2021-08-31,Raleigh,NC,374833.0,1.74
2021-08-31,Birmingham,AL,252917.0,-0.74
2021-08-31,Salt Lake City,UT,475667.0,1.42
2021-08-31,Rochester,NY,198333.0,1.58
2021-08-31,Grand Rapids,MI,269670.0,0.5
2021-08-31,Tucson,AZ,308183.0,1.2
2021-08-31,Urban Honolulu,HI,671667.0,1.93
2021-08-31,Tulsa,OK,224333.0,1.97
2021-08-31,Fresno,CA,359000.0,1.22
2021-08-31,Worcester,MA,364667.0,1.02
2021-08-31,Stamford,CT,557983.0,-0.92
2021-08-31,Albuquerque,NM,288333.0,1.17
2021-08-31,Albany,NY,248333.0,2.62
2021-08-31,Omaha,NE,251667.0,0.0
2021-08-31,New Haven,CT,290725.0,0.26
2021-08-31,Bakersfield,CA,306667.0,0.55
2021-08-31,Knoxville,TN,271583.0,3.31
2021-08-31,Greenville,SC,261833.0,1.68
2021-08-31,Ventura,CA,767667.0,1.32
2021-08-31,Allentown,PA,261700.0,2.16
2021-08-31,El Paso,TX,201592.0,1.35
2021-08-31,Baton Rouge,LA,241489.0,1.4
2021-08-31,Dayton,OH,178167.0,0.56
2021-08-31,McAllen,TX,192000.0,0.67
2021-08-31,Columbia,SC,227733.0,1.49
2021-08-31,Greensboro,NC,184467.0,-1.07
2021-08-31,Akron,OH,178233.0,1.46
2021-08-31,North Port-Sarasota-Bradenton,FL,368232.0,1.44
2021-08-31,Little Rock,AR,204167.0,0.48
2021-08-31,Stockton,CA,512500.0,0.65
2021-08-31,Charleston,SC,354333.0,-1.66
2021-08-31,Syracuse,NY,179317.0,3.15
2021-08-31,Colorado Springs,CO,447333.0,0.98
2021-08-31,Winston-Salem,NC,178983.0,-1.47
2021-08-31,Wichita,KS,204217.0,-2.29
2021-08-31,Springfield,MA,279817.0,1.63
2021-08-31,Fort Myers,FL,270333.0,0.93
2021-08-31,Boise City,ID,477300.0,1.05
2021-08-31,Toledo,OH,155000.0,2.42
2021-08-31,Madison,WI,342300.0,0.71
2021-08-31,Lakeland,FL,263663.0,2.86
2021-08-31,Ogden,UT,421417.0,1.39
2021-08-31,Daytona Beach,FL,284983.0,2.32
2021-08-31,Des Moines,IA,260750.0,2.76
2021-08-31,Provo,UT,462167.0,1.46
2021-08-31,Durham,NC,372763.0,0.29
2021-08-31,Fort Collins,CO,478110.0,1.17
2021-09-30,New York,NY,535000.0,1.07
2021-09-30,Los Angeles-Long Beach-Anaheim,CA,829667.0,0.0
2021-09-30,Chicago,IL,288333.0,-1.14
2021-09-30,Dallas-Fort Worth,TX,354000.0,-0.42
2021-09-30,Philadelphia,PA,309917.0,0.51
2021-09-30,Houston,TX,303667.0,-1.09
2021-09-30,Washington,DC,488333.0,-1.68
2021-09-30,Miami-Fort Lauderdale,FL,366000.0,0.33
2021-09-30,Atlanta,GA,334667.0,-0.69
2021-09-30,Boston,MA,581667.0,-2.79
2021-09-30,San Francisco,CA,1010667.0,-2.19
2021-09-30,Detroit,MI,243167.0,0.0
2021-09-30,Riverside,CA,500000.0,0.33
2021-09-30,Phoenix,AZ,413283.0,1.64
2021-09-30,Seattle,WA,647613.0,-1.38
2021-09-30,Minneapolis-St Paul,MN,346333.0,0.0
2021-09-30,San Diego,CA,747083.0,-0.22
2021-09-30,St. Louis,MO,231667.0,-0.36
2021-09-30,Tampa,FL,311833.0,1.52
2021-09-30,Baltimore,MD,341667.0,-0.49
2021-09-30,Denver,CO,548333.0,-0.3
2021-09-30,Pittsburgh,PA,214308.0,-2.17
2021-09-30,Portland,OR,504919.0,0.0
2021-09-30,Charlotte,NC,343333.0,0.49
2021-09-30,Sacramento,CA,546917.0,-0.46
2021-09-30,San Antonio,TX,293167.0,1.15
2021-09-30,Orlando,FL,333383.0,1.55
2021-09-30,Cincinnati,OH,239482.0,-2.05
2021-09-30,Cleveland,OH,192333.0,-1.54
2021-09-30,Kansas City,MO,277667.0,-0.83
2021-09-30,Las Vegas,NV,381667.0,0.98
2021-09-30,Columbus,OH,270667.0,-1.55
2021-09-30,Indianapolis,IN,254000.0,-1.1
2021-09-30,San Jose,CA,1297333.0,-1.39
2021-09-30,Austin,TX,475000.0,-2.26
2021-09-30,Virginia Beach,VA,295533.0,-1.12
2021-09-30,Nashville,TN,388317.0,0.24
2021-09-30,Providence,RI,374967.0,0.54
2021-09-30,Milwaukee,WI,233333.0,-2.78
2021-09-30,Jacksonville,FL,323028.0,0.69
2021-09-30,Memphis,TN,250000.0,-0.86
2021-09-30,Oklahoma City,OK,224167.0,-0.22
2021-09-30,Louisville-Jefferson County,KY,237333.0,0.14
2021-09-30,Hartford,CT,283467.0,-0.58
2021-09-30,Richmond,VA,318510.0,-0.52
2021-09-30,New Orleans,LA,253333.0,1.33
2021-09-30,Buffalo,NY,221667.0,2.31
2021-09-30,Raleigh,NC,377667.0,0.76
2021-09-30,Birmingham,AL,251887.0,-0.41
2021-09-30,Salt Lake City,UT,482333.0,1.4
2021-09-30,Rochester,NY,195000.0,-1.68
2021-09-30,Grand Rapids,MI,269637.0,-0.01
2021-09-30,Tucson,AZ,309850.0,0.54
2021-09-30,Urban Honolulu,HI,675667.0,0.6
2021-09-30,Tulsa,OK,222667.0,-0.74
2021-09-30,Fresno,CA,362000.0,0.84
2021-09-30,Worcester,MA,362000.0,-0.73
2021-09-30,Stamford,CT,526317.0,-5.68
2021-09-30,Albuquerque,NM,286667.0,-0.58
2021-09-30,Albany,NY,243333.0,-2.01
2021-09-30,Omaha,NE,248333.0,-1.32
2021-09-30,New Haven,CT,285770.0,-1.7
2021-09-30,Bakersfield,CA,311667.0,1.63
2021-09-30,Knoxville,TN,272667.0,0.4
2021-09-30,Greenville,SC,260000.0,-0.7
2021-09-30,Ventura,CA,762667.0,-0.65
2021-09-30,Allentown,PA,264496.0,1.07
2021-09-30,El Paso,TX,203258.0,0.83
2021-09-30,Baton Rouge,LA,242056.0,0.23
2021-09-30,Dayton,OH,178167.0,0.0
2021-09-30,McAllen,TX,195667.0,1.91
2021-09-30,Columbia,SC,227550.0,-0.08
2021-09-30,Greensboro,NC,184633.0,0.09
2021-09-30,Akron,OH,180900.0,1.5
2021-09-30,North Port-Sarasota-Bradenton,FL,373982.0,1.56
2021-09-30,Little Rock,AR,205833.0,0.82
2021-09-30,Stockton,CA,510833.0,-0.33
2021-09-30,Charleston,SC,351600.0,-0.77
2021-09-30,Syracuse,NY,182650.0,1.86
2021-09-30,Colorado Springs,CO,445333.0,-0.45
2021-09-30,Winston-Salem,NC,173000.0,-3.34
2021-09-30,Wichita,KS,203300.0,-0.45
2021-09-30,Springfield,MA,277650.0,-0.77
2021-09-30,Fort Myers,FL,275000.0,1.73
2021-09-30,Boise City,ID,478963.0,0.35
2021-09-30,Toledo,OH,154571.0,-0.28
2021-09-30,Madison,WI,338983.0,-0.97
2021-09-30,Lakeland,FL,269667.0,2.28
2021-09-30,Ogden,UT,422000.0,0.14
2021-09-30,Daytona Beach,FL,288317.0,1.17
2021-09-30,Des Moines,IA,264667.0,1.5
2021-09-30,Provo,UT,469469.0,1.58
2021-09-30,Durham,NC,373097.0,0.09
2021-09-30,Fort Collins,CO,485822.0,1.61
2021-10-31,New York,NY,532333.0,-0.5
2021-10-31,Los Angeles-Long Beach-Anaheim,CA,829083.0,-0.07
2021-10-31,Chicago,IL,285333.0,-1.04
2021-10-31,Dallas-Fort Worth,TX,353333.0,-0.19
2021-10-31,Philadelphia,PA,304917.0,-1.61
2021-10-31,Houston,TX,303015.0,-0.21
2021-10-31,Washington,DC,481333.0,-1.43
2021-10-31,Miami-Fort Lauderdale,FL,366667.0,0.18
2021-10-31,Atlanta,GA,334667.0,0.0
2021-10-31,Boston,MA,568333.0,-2.29
2021-10-31,San Francisco,CA,1000667.0,-0.99
2021-10-31,Detroit,MI,237500.0,-2.33
2021-10-31,Riverside,CA,501667.0,0.33
2021-10-31,Phoenix,AZ,420390.0,1.72
2021-10-31,Seattle,WA,644280.0,-0.51
2021-10-31,Minneapolis-St Paul,MN,344333.0,-0.58
2021-10-31,San Diego,CA,748750.0,0.22
2021-10-31,St. Louis,MO,226667.0,-2.16
2021-10-31,Tampa,FL,316500.0,1.5
2021-10-31,Baltimore,MD,341667.0,0.0
2021-10-31,Denver,CO,548333.0,0.0
2021-10-31,Pittsburgh,PA,209308.0,-2.33
2021-10-31,Portland,OR,508333.0,0.68
2021-10-31,Charlotte,NC,345000.0,0.49
2021-10-31,Sacramento,CA,544750.0,-0.4
2021-10-31,San Antonio,TX,295833.0,0.91
2021-10-31,Orlando,FL,336717.0,1.0
2021-10-31,Cincinnati,OH,237815.0,-0.7
2021-10-31,Cleveland,OH,189000.0,-1.73
2021-10-31,Kansas City,MO,273000.0,-1.68
2021-10-31,Las Vegas,NV,383333.0,0.44
2021-10-31,Columbus,OH,267000.0,-1.35
2021-10-31,Indianapolis,IN,254400.0,0.16
2021-10-31,San Jose,CA,1304167.0,0.53
2021-10-31,Austin,TX,463317.0,-2.46
2021-10-31,Virginia Beach,VA,292200.0,-1.13
2021-10-31,Nashville,TN,392017.0,0.95
2021-10-31,Providence,RI,375000.0,0.01
2021-10-31,Milwaukee,WI,229000.0,-1.86
2021-10-31,Jacksonville,FL,325150.0,0.66
2021-10-31,Memphis,TN,254833.0,1.93
2021-10-31,Oklahoma City,OK,223833.0,-0.15
2021-10-31,Louisville-Jefferson County,KY,236967.0,-0.15
2021-10-31,Hartford,CT,278333.0,-1.81
2021-10-31,Richmond,VA,315841.0,-0.84
2021-10-31,New Orleans,LA,252333.0,-0.39
2021-10-31,Buffalo,NY,221000.0,-0.3
2021-10-31,Raleigh,NC,380000.0,0.62
2021-10-31,Birmingham,AL,252553.0,0.26
2021-10-31,Salt Lake City,UT,484000.0,0.35
2021-10-31,Rochester,NY,192000.0,-1.54
2021-10-31,Grand Rapids,MI,265970.0,-1.36
2021-10-31,Tucson,AZ,312976.0,1.01
2021-10-31,Urban Honolulu,HI,679000.0,0.49
2021-10-31,Tulsa,OK,224333.0,0.75
2021-10-31,Fresno,CA,366000.0,1.1
2021-10-31,Worcester,MA,361167.0,-0.23
2021-10-31,Stamford,CT,496317.0,-5.7
2021-10-31,Albuquerque,NM,283333.0,-1.16
2021-10-31,Albany,NY,238333.0,-2.05
2021-10-31,Omaha,NE,245000.0,-1.34
2021-10-31,New Haven,CT,279603.0,-2.16
2021-10-31,Bakersfield,CA,313333.0,0.53
2021-10-31,Knoxville,TN,274617.0,0.72
2021-10-31,Greenville,SC,263333.0,1.28
2021-10-31,Ventura,CA,760000.0,-0.35
2021-10-31,Allentown,PA,257829.0,-2.52
2021-10-31,El Paso,TX,201666.0,-0.78
2021-10-31,Baton Rouge,LA,240650.0,-0.58
2021-10-31,Dayton,OH,174867.0,-1.85
2021-10-31,McAllen,TX,193667.0,-1.02
2021-10-31,Columbia,SC,230667.0,1.37
2021-10-31,Greensboro,NC,190000.0,2.91
2021-10-31,Akron,OH,180700.0,-0.11
2021-10-31,North Port-Sarasota-Bradenton,FL,374317.0,0.09
2021-10-31,Little Rock,AR,203333.0,-1.21
2021-10-31,Stockton,CA,510333.0,-0.1
2021-10-31,Charleston,SC,355767.0,1.19
2021-10-31,Syracuse,NY,182150.0,-0.27
2021-10-31,Colorado Springs,CO,441667.0,-0.82
2021-10-31,Winston-Salem,NC,169683.0,-1.92
2021-10-31,Wichita,KS,196633.0,-3.28
2021-10-31,Springfield,MA,277650.0,0.0
2021-10-31,Fort Myers,FL,281833.0,2.48
2021-10-31,Boise City,ID,479876.0,0.19
2021-10-31,Toledo,OH,151238.0,-2.16
2021-10-31,Madison,WI,333750.0,-1.54
2021-10-31,Lakeland,FL,275633.0,2.21
2021-10-31,Ogden,UT,423333.0,0.32
2021-10-31,Daytona Beach,FL,289783.0,0.51
2021-10-31,Des Moines,IA,268000.0,1.26
2021-10-31,Provo,UT,473969.0,0.96
2021-10-31,Durham,NC,378263.0,1.38
2021-10-31,Fort Collins,CO,485462.0,-0.07
2021-11-30,New York,NY,525667.0,-1.25
2021-11-30,Los Angeles-Long Beach-Anaheim,CA,830750.0,0.2
2021-11-30,Chicago,IL,282833.0,-0.88
2021-11-30,Dallas-Fort Worth,TX,353333.0,0.0
2021-11-30,Philadelphia,PA,298250.0,-2.19
2021-11-30,Houston,TX,304682.0,0.55
2021-11-30,Washington,DC,476667.0,-0.97
2021-11-30,Miami-Fort Lauderdale,FL,368333.0,0.45
2021-11-30,Atlanta,GA,340703.0,1.8
2021-11-30,Boston,MA,561667.0,-1.17
2021-11-30,San Francisco,CA,999000.0,-0.17
2021-11-30,Detroit,MI,232697.0,-2.02
2021-11-30,Riverside,CA,506089.0,0.88
2021-11-30,Phoenix,AZ,425440.0,1.2
2021-11-30,Seattle,WA,640947.0,-0.52
2021-11-30,Minneapolis-St Paul,MN,341667.0,-0.77
2021-11-30,San Diego,CA,757730.0,1.2
2021-11-30,St. Louis,MO,225000.0,-0.74
2021-11-30,Tampa,FL,322300.0,1.83
2021-11-30,Baltimore,MD,336667.0,-1.46
2021-11-30,Denver,CO,548333.0,0.0
2021-11-30,Pittsburgh,PA,207492.0,-0.87
2021-11-30,Portland,OR,507390.0,-0.19
2021-11-30,Charlotte,NC,348333.0,0.97
2021-11-30,Sacramento,CA,544750.0,0.0
2021-11-30,San Antonio,TX,298333.0,0.85
2021-11-30,Orlando,FL,340083.0,1.0
2021-11-30,Cincinnati,OH,234667.0,-1.32
2021-11-30,Cleveland,OH,185000.0,-2.12
2021-11-30,Kansas City,MO,272408.0,-0.22
2021-11-30,Las Vegas,NV,388333.0,1.3
2021-11-30,Columbus,OH,260000.0,-2.62
2021-11-30,Indianapolis,IN,255733.0,0.52
2021-11-30,San Jose,CA,1310000.0,0.45
2021-11-30,Austin,TX,464582.0,0.27
2021-11-30,Virginia Beach,VA,291000.0,-0.41
2021-11-30,Nashville,TN,393683.0,0.42
2021-11-30,Providence,RI,370000.0,-1.33
2021-11-30,Milwaukee,WI,225667.0,-1.46
2021-11-30,Jacksonville,FL,327650.0,0.77
2021-11-30,Memphis,TN,258500.0,1.44
2021-11-30,Oklahoma City,OK,227167.0,1.49
2021-11-30,Louisville-Jefferson County,KY,235908.0,-0.45
2021-11-30,Hartford,CT,273333.0,-1.8
2021-11-30,Richmond,VA,315665.0,-0.06
2021-11-30,New Orleans,LA,252000.0,-0.13
2021-11-30,Buffalo,NY,214333.0,-3.02
2021-11-30,Raleigh,NC,385333.0,1.4
2021-11-30,Birmingham,AL,252470.0,-0.03
2021-11-30,Salt Lake City,UT,489000.0,1.03
2021-11-30,Rochester,NY,187833.0,-2.17
2021-11-30,Grand Rapids,MI,265967.0,-0.0
2021-11-30,Tucson,AZ,314643.0,0.53
2021-11-30,Urban Honolulu,HI,674000.0,-0.74
2021-11-30,Tulsa,OK,223151.0,-0.53
2021-11-30,Fresno,CA,366667.0,0.18
2021-11-30,Worcester,MA,359167.0,-0.55
2021-11-30,Stamford,CT,480000.0,-3.29
2021-11-30,Albuquerque,NM,286667.0,1.18
2021-11-30,Albany,NY,228333.0,-4.2
2021-11-30,Omaha,NE,241667.0,-1.36
2021-11-30,New Haven,CT,275520.0,-1.46
2021-11-30,Bakersfield,CA,315333.0,0.64
2021-11-30,Knoxville,TN,275617.0,0.36
2021-11-30,Greenville,SC,269553.0,2.36
2021-11-30,Ventura,CA,763333.0,0.44
2021-11-30,Allentown,PA,257463.0,-0.14
2021-11-30,El Paso,TX,201000.0,-0.33
2021-11-30,Baton Rouge,LA,240567.0,-0.03
2021-11-30,Dayton,OH,174533.0,-0.19
2021-11-30,McAllen,TX,197333.0,1.89
2021-11-30,Columbia,SC,231833.0,0.51
2021-11-30,Greensboro,NC,190333.0,0.18
2021-11-30,Akron,OH,181467.0,0.42
2021-11-30,North Port-Sarasota-Bradenton,FL,382417.0,2.16
2021-11-30,Little Rock,AR,204967.0,0.8
2021-11-30,Stockton,CA,512000.0,0.33
2021-11-30,Charleston,SC,359100.0,0.94
2021-11-30,Syracuse,NY,178000.0,-2.28
2021-11-30,Colorado Springs,CO,441667.0,0.0
2021-11-30,Winston-Salem,NC,169683.0,0.0
2021-11-30,Wichita,KS,201000.0,2.22
2021-11-30,Springfield,MA,273833.0,-1.37
2021-11-30,Fort Myers,FL,288500.0,2.37
2021-11-30,Boise City,ID,479910.0,0.01
2021-11-30,Toledo,OH,148571.0,-1.76
2021-11-30,Madison,WI,327100.0,-1.99
2021-11-30,Lakeland,FL,279967.0,1.57
2021-11-30,Ogden,UT,421667.0,-0.39
2021-11-30,Daytona Beach,FL,291667.0,0.65
2021-11-30,Des Moines,IA,267633.0,-0.14
2021-11-30,Provo,UT,480635.0,1.41
2021-11-30,Durham,NC,385833.0,2.0
2021-11-30,Fort Collins,CO,487401.0,0.4
2021-12-31,New York,NY,518667.0,-1.33
2021-12-31,Los Angeles-Long Beach-Anaheim,CA,839083.0,1.0
2021-12-31,Chicago,IL,280833.0,-0.71
2021-12-31,Dallas-Fort Worth,TX,357997.0,1.32
2021-12-31,Philadelphia,PA,293333.0,-1.65
2021-12-31,Houston,TX,309682.0,1.64
2021-12-31,Washington,DC,478483.0,0.38
2021-12-31,Miami-Fort Lauderdale,FL,373333.0,1.36
2021-12-31,Atlanta,GA,346370.0,1.66
2021-12-31,Boston,MA,565000.0,0.59
2021-12-31,San Francisco,CA,983500.0,-1.55
2021-12-31,Detroit,MI,229363.0,-1.43
2021-12-31,Riverside,CA,515255.0,1.81
2021-12-31,Phoenix,AZ,429773.0,1.02
2021-12-31,Seattle,WA,643333.0,0.37
2021-12-31,Minneapolis-St Paul,MN,338250.0,-1.0
2021-12-31,San Diego,CA,759397.0,0.22
2021-12-31,St. Louis,MO,221000.0,-1.78
2021-12-31,Tampa,FL,327633.0,1.65
2021-12-31,Baltimore,MD,331667.0,-1.49
2021-12-31,Denver,CO,550000.0,0.3
2021-12-31,Pittsburgh,PA,204333.0,-1.52
2021-12-31,Portland,OR,509056.0,0.33
2021-12-31,Charlotte,NC,351333.0,0.86
2021-12-31,Sacramento,CA,543083.0,-0.31
2021-12-31,San Antonio,TX,301667.0,1.12
2021-12-31,Orlando,FL,345333.0,1.54
2021-12-31,Cincinnati,OH,234667.0,0.0
2021-12-31,Cleveland,OH,183300.0,-0.92
2021-12-31,Kansas City,MO,271575.0,-0.31
2021-12-31,Las Vegas,NV,393167.0,1.24
2021-12-31,Columbus,OH,261333.0,0.51
2021-12-31,Indianapolis,IN,255733.0,0.0
2021-12-31,San Jose,CA,1325167.0,1.16
2021-12-31,Austin,TX,473328.0,1.88
2021-12-31,Virginia Beach,VA,291000.0,0.0
2021-12-31,Nashville,TN,398683.0,1.27
2021-12-31,Providence,RI,367417.0,-0.7
2021-12-31,Milwaukee,WI,220667.0,-2.22
2021-12-31,Jacksonville,FL,333772.0,1.87
2021-12-31,Memphis,TN,263500.0,1.93
2021-12-31,Oklahoma City,OK,226667.0,-0.22
2021-12-31,Louisville-Jefferson County,KY,235575.0,-0.14
2021-12-31,Hartford,CT,273000.0,-0.12
2021-12-31,Richmond,VA,315665.0,0.0
2021-12-31,New Orleans,LA,245333.0,-2.65
2021-12-31,Buffalo,NY,209417.0,-2.29
2021-12-31,Raleigh,NC,387000.0,0.43
2021-12-31,Birmingham,AL,254467.0,0.79
2021-12-31,Salt Lake City,UT,487333.0,-0.34
2021-12-31,Rochester,NY,184833.0,-1.6
2021-12-31,Grand Rapids,MI,262667.0,-1.24
2021-12-31,Tucson,AZ,316360.0,0.55
2021-12-31,Urban Honolulu,HI,688500.0,2.15
2021-12-31,Tulsa,OK,224818.0,0.75
2021-12-31,Fresno,CA,371333.0,1.27
2021-12-31,Worcester,MA,355833.0,-0.93
2021-12-31,Stamford,CT,488500.0,1.77
2021-12-31,Albuquerque,NM,292100.0,1.9
2021-12-31,Albany,NY,227333.0,-0.44
2021-12-31,Omaha,NE,240000.0,-0.69
2021-12-31,New Haven,CT,277000.0,0.54
2021-12-31,Bakersfield,CA,318667.0,1.06
2021-12-31,Knoxville,TN,280950.0,1.93
2021-12-31,Greenville,SC,278933.0,3.48
2021-12-31,Ventura,CA,770000.0,0.87
2021-12-31,Allentown,PA,256333.0,-0.44
2021-12-31,El Paso,TX,206325.0,2.65
2021-12-31,Baton Rouge,LA,240449.0,-0.05
2021-12-31,Dayton,OH,179533.0,2.86
2021-12-31,McAllen,TX,198667.0,0.68
2021-12-31,Columbia,SC,234833.0,1.29
2021-12-31,Greensboro,NC,188667.0,-0.88
2021-12-31,Akron,OH,179783.0,-0.93
2021-12-31,North Port-Sarasota-Bradenton,FL,394000.0,3.03
2021-12-31,Little Rock,AR,209587.0,2.25
2021-12-31,Stockton,CA,513333.0,0.26
2021-12-31,Charleston,SC,369900.0,3.01
2021-12-31,Syracuse,NY,175333.0,-1.5
2021-12-31,Colorado Springs,CO,441667.0,0.0
2021-12-31,Winston-Salem,NC,172350.0,1.57
2021-12-31,Wichita,KS,204038.0,1.51
2021-12-31,Springfield,MA,271750.0,-0.76
2021-12-31,Fort Myers,FL,296833.0,2.89
2021-12-31,Boise City,ID,479910.0,0.0
2021-12-31,Toledo,OH,147667.0,-0.61
2021-12-31,Madison,WI,328433.0,0.41
2021-12-31,Lakeland,FL,286055.0,2.17
2021-12-31,Ogden,UT,423333.0,0.4
2021-12-31,Daytona Beach,FL,298333.0,2.29
2021-12-31,Des Moines,IA,267267.0,-0.14
2021-12-31,Provo,UT,485278.0,0.97
2021-12-31,Durham,NC,395500.0,2.51
2021-12-31,Fort Collins,CO,492155.0,0.98
2022-01-31,New York,NY,519083.0,0.08
2022-01-31,Los Angeles-Long Beach-Anaheim,CA,846667.0,0.9
2022-01-31,Chicago,IL,277833.0,-1.07
2022-01-31,Dallas-Fort Worth,TX,359663.0,0.47
2022-01-31,Philadelphia,PA,291667.0,-0.57
2022-01-31,Houston,TX,311665.0,0.64
2022-01-31,Washington,DC,468817.0,-2.02
2022-01-31,Miami-Fort Lauderdale,FL,378333.0,1.34
2022-01-31,Atlanta,GA,346370.0,0.0
2022-01-31,Boston,MA,566667.0,0.3
2022-01-31,San Francisco,CA,946833.0,-3.73
2022-01-31,Detroit,MI,227697.0,-0.73
2022-01-31,Riverside,CA,521922.0,1.29
2022-01-31,Phoenix,AZ,434333.0,1.06
2022-01-31,Seattle,WA,630000.0,-2.07
2022-01-31,Minneapolis-St Paul,MN,336583.0,-0.49
2022-01-31,San Diego,CA,764397.0,0.66
2022-01-31,St. Louis,MO,219333.0,-0.75
2022-01-31,Tampa,FL,332633.0,1.53
2022-01-31,Baltimore,MD,326667.0,-1.51
2022-01-31,Denver,CO,550273.0,0.05
2022-01-31,Pittsburgh,PA,200500.0,-1.88
2022-01-31,Portland,OR,504056.0,-0.98
2022-01-31,Charlotte,NC,353630.0,0.65
2022-01-31,Sacramento,CA,540583.0,-0.46
2022-01-31,San Antonio,TX,301667.0,0.0
2022-01-31,Orlando,FL,348667.0,0.97
2022-01-31,Cincinnati,OH,230667.0,-1.7
2022-01-31,Cleveland,OH,180633.0,-1.45
2022-01-31,Kansas City,MO,269575.0,-0.74
2022-01-31,Las Vegas,NV,399833.0,1.7
2022-01-31,Columbus,OH,259667.0,-0.64
2022-01-31,Indianapolis,IN,249333.0,-2.5
2022-01-31,San Jose,CA,1295167.0,-2.26
2022-01-31,Austin,TX,481678.0,1.76
2022-01-31,Virginia Beach,VA,290833.0,-0.06
2022-01-31,Nashville,TN,396667.0,-0.51
2022-01-31,Providence,RI,365750.0,-0.45
2022-01-31,Milwaukee,WI,216667.0,-1.81
2022-01-31,Jacksonville,FL,334033.0,0.08
2022-01-31,Memphis,TN,257000.0,-2.47
2022-01-31,Oklahoma City,OK,225859.0,-0.36
2022-01-31,Louisville-Jefferson County,KY,229608.0,-2.53
2022-01-31,Hartford,CT,271333.0,-0.61
2022-01-31,Richmond,VA,315167.0,-0.16
2022-01-31,New Orleans,LA,247333.0,0.82
2022-01-31,Buffalo,NY,205083.0,-2.07
2022-01-31,Raleigh,NC,390667.0,0.95
2022-01-31,Birmingham,AL,250633.0,-1.51
2022-01-31,Salt Lake City,UT,493333.0,1.23
2022-01-31,Rochester,NY,181167.0,-1.98
2022-01-31,Grand Rapids,MI,263000.0,0.13
2022-01-31,Tucson,AZ,316717.0,0.11
2022-01-31,Urban Honolulu,HI,707667.0,2.78
2022-01-31,Tulsa,OK,222651.0,-0.96
2022-01-31,Fresno,CA,375000.0,0.99
2022-01-31,Worcester,MA,355000.0,-0.23
2022-01-31,Stamford,CT,485167.0,-0.68
2022-01-31,Albuquerque,NM,298767.0,2.28
2022-01-31,Albany,NY,224000.0,-1.47
2022-01-31,Omaha,NE,245000.0,2.08
2022-01-31,New Haven,CT,276667.0,-0.12
2022-01-31,Bakersfield,CA,320333.0,0.52
2022-01-31,Knoxville,TN,280142.0,-0.29
2022-01-31,Greenville,SC,279933.0,0.36
2022-01-31,Ventura,CA,781667.0,1.52
2022-01-31,Allentown,PA,257067.0,0.29
2022-01-31,El Paso,TX,211325.0,2.42
2022-01-31,Baton Rouge,LA,241449.0,0.42
2022-01-31,Dayton,OH,177317.0,-1.23
2022-01-31,McAllen,TX,197333.0,-0.67
2022-01-31,Columbia,SC,234833.0,0.0
2022-01-31,Greensboro,NC,183333.0,-2.83
2022-01-31,Akron,OH,171650.0,-4.52
2022-01-31,North Port-Sarasota-Bradenton,FL,407333.0,3.38
2022-01-31,Little Rock,AR,209587.0,0.0
2022-01-31,Stockton,CA,518000.0,0.91
2022-01-31,Charleston,SC,373740.0,1.04
2022-01-31,Syracuse,NY,170833.0,-2.57
2022-01-31,Colorado Springs,CO,441667.0,0.0
2022-01-31,Winston-Salem,NC,173417.0,0.62
2022-01-31,Wichita,KS,201454.0,-1.27
2022-01-31,Springfield,MA,268417.0,-1.23
2022-01-31,Fort Myers,FL,300000.0,1.07
2022-01-31,Boise City,ID,482335.0,0.51
2022-01-31,Toledo,OH,144333.0,-2.26
2022-01-31,Madison,WI,324808.0,-1.1
2022-01-31,Lakeland,FL,289422.0,1.18
2022-01-31,Ogden,UT,423333.0,0.0
2022-01-31,Daytona Beach,FL,305000.0,2.23
2022-01-31,Des Moines,IA,267267.0,0.0
2022-01-31,Provo,UT,490874.0,1.15
2022-01-31,Durham,NC,392000.0,-0.88
2022-01-31,Fort Collins,CO,501039.0,1.81
2022-02-28,New York,NY,522417.0,0.64
2022-02-28,Los Angeles-Long Beach-Anaheim,CA,860000.0,1.57
2022-02-28,Chicago,IL,277000.0,-0.3
2022-02-28,Dallas-Fort Worth,TX,365570.0,1.64
2022-02-28,Philadelphia,PA,288333.0,-1.14
2022-02-28,Houston,TX,316163.0,1.44
2022-02-28,Washington,DC,465567.0,-0.69
2022-02-28,Miami-Fort Lauderdale,FL,385000.0,1.76
2022-02-28,Atlanta,GA,346667.0,0.09
2022-02-28,Boston,MA,560000.0,-1.18
2022-02-28,San Francisco,CA,948500.0,0.18
2022-02-28,Detroit,MI,226667.0,-0.45
2022-02-28,Riverside,CA,529167.0,1.39
2022-02-28,Phoenix,AZ,441333.0,1.61
2022-02-28,Seattle,WA,638325.0,1.32
2022-02-28,Minneapolis-St Paul,MN,336395.0,-0.06
2022-02-28,San Diego,CA,776667.0,1.61
2022-02-28,St. Louis,MO,214333.0,-2.28
2022-02-28,Tampa,FL,337333.0,1.41
2022-02-28,Baltimore,MD,323000.0,-1.12
2022-02-28,Denver,CO,558607.0,1.51
2022-02-28,Pittsburgh,PA,196833.0,-1.83
2022-02-28,Portland,OR,505833.0,0.35
2022-02-28,Charlotte,NC,355297.0,0.47
2022-02-28,Sacramento,CA,545667.0,0.94
2022-02-28,San Antonio,TX,301667.0,0.0
2022-02-28,Orlando,FL,352000.0,0.96
2022-02-28,Cincinnati,OH,227667.0,-1.3
2022-02-28,Cleveland,OH,178933.0,-0.94
2022-02-28,Kansas City,MO,269500.0,-0.03
2022-02-28,Las Vegas,NV,408800.0,2.24
2022-02-28,Columbus,OH,263000.0,1.28
2022-02-28,Indianapolis,IN,244667.0,-1.87
2022-02-28,San Jose,CA,1318500.0,1.8
2022-02-28,Austin,TX,489413.0,1.61
2022-02-28,Virginia Beach,VA,288500.0,-0.8
2022-02-28,Nashville,TN,401667.0,1.26
2022-02-28,Providence,RI,364083.0,-0.46
2022-02-28,Milwaukee,WI,215000.0,-0.77
2022-02-28,Jacksonville,FL,337033.0,0.9
2022-02-28,Memphis,TN,252983.0,-1.56
2022-02-28,Oklahoma City,OK,224943.0,-0.41
2022-02-28,Louisville-Jefferson County,KY,227333.0,-0.99
2022-02-28,Hartford,CT,268000.0,-1.23
2022-02-28,Richmond,VA,315150.0,-0.01
2022-02-28,New Orleans,LA,248833.0,0.61
2022-02-28,Buffalo,NY,200083.0,-2.44
2022-02-28,Raleigh,NC,393500.0,0.73
2022-02-28,Birmingham,AL,250967.0,0.13
2022-02-28,Salt Lake City,UT,503333.0,2.03
2022-02-28,Rochester,NY,177333.0,-2.12
2022-02-28,Grand Rapids,MI,265000.0,0.76
2022-02-28,Tucson,AZ,320050.0,1.05
2022-02-28,Urban Honolulu,HI,711333.0,0.52
2022-02-28,Tulsa,OK,220500.0,-0.97
2022-02-28,Fresno,CA,383333.0,2.22
2022-02-28,Worcester,MA,350333.0,-1.31
2022-02-28,Stamford,CT,478500.0,-1.37
2022-02-28,Albuquerque,NM,302100.0,1.12
2022-02-28,Albany,NY,234000.0,4.46
2022-02-28,Omaha,NE,248333.0,1.36
2022-02-28,New Haven,CT,278333.0,0.6
2022-02-28,Bakersfield,CA,323333.0,0.94
2022-02-28,Knoxville,TN,279375.0,-0.27
2022-02-28,Greenville,SC,278713.0,-0.44
2022-02-28,Ventura,CA,787667.0,0.77
2022-02-28,Allentown,PA,257383.0,0.12
2022-02-28,El Paso,TX,218658.0,3.47
2022-02-28,Baton Rouge,LA,242199.0,0.31
2022-02-28,Dayton,OH,174983.0,-1.32
2022-02-28,McAllen,TX,199983.0,1.34
2022-02-28,Columbia,SC,237965.0,1.33
2022-02-28,Greensboro,NC,179000.0,-2.36
2022-02-28,Akron,OH,166817.0,-2.82
2022-02-28,North Port-Sarasota-Bradenton,FL,419000.0,2.86
2022-02-28,Little Rock,AR,207953.0,-0.78
2022-02-28,Stockton,CA,518333.0,0.06
2022-02-28,Charleston,SC,375600.0,0.5
2022-02-28,Syracuse,NY,167833.0,-1.76
2022-02-28,Colorado Springs,CO,445000.0,0.75
2022-02-28,Winston-Salem,NC,164417.0,-5.19
2022-02-28,Wichita,KS,195121.0,-3.14
2022-02-28,Springfield,MA,272083.0,1.37
2022-02-28,Fort Myers,FL,301667.0,0.56
2022-02-28,Boise City,ID,487333.0,1.04
2022-02-28,Toledo,OH,146250.0,1.33
2022-02-28,Madison,WI,338108.0,4.09
2022-02-28,Lakeland,FL,295089.0,1.96
2022-02-28,Ogden,UT,429083.0,1.36
2022-02-28,Daytona Beach,FL,313667.0,2.84
2022-02-28,Des Moines,IA,262300.0,-1.86
2022-02-28,Provo,UT,502359.0,2.34
2022-02-28,Durham,NC,393333.0,0.34
2022-02-28,Fort Collins,CO,517267.0,3.24
2022-03-31,New York,NY,526083.0,0.7
2022-03-31,Los Angeles-Long Beach-Anaheim,CA,875333.0,1.78
2022-03-31,Chicago,IL,280667.0,1.32
2022-03-31,Dallas-Fort Worth,TX,374240.0,2.37
2022-03-31,Philadelphia,PA,286667.0,-0.58
2022-03-31,Houston,TX,321163.0,1.58
2022-03-31,Washington,DC,473083.0,1.61
2022-03-31,Miami-Fort Lauderdale,FL,391667.0,1.73
2022-03-31,Atlanta,GA,350230.0,1.03
2022-03-31,Boston,MA,568333.0,1.49
2022-03-31,San Francisco,CA,998833.0,5.31
2022-03-31,Detroit,MI,226667.0,0.0
2022-03-31,Riverside,CA,538333.0,1.73
2022-03-31,Phoenix,AZ,453667.0,2.79
2022-03-31,Seattle,WA,663325.0,3.92
2022-03-31,Minneapolis-St Paul,MN,339812.0,1.02
2022-03-31,San Diego,CA,800000.0,3.0
2022-03-31,St. Louis,MO,217333.0,1.4
2022-03-31,Tampa,FL,345667.0,2.47
2022-03-31,Baltimore,MD,324667.0,0.52
2022-03-31,Denver,CO,576357.0,3.18
2022-03-31,Pittsburgh,PA,198500.0,0.85
2022-03-31,Portland,OR,517500.0,2.31
2022-03-31,Charlotte,NC,361297.0,1.69
2022-03-31,Sacramento,CA,565667.0,3.67
2022-03-31,San Antonio,TX,303416.0,0.58
2022-03-31,Orlando,FL,360000.0,2.27
2022-03-31,Cincinnati,OH,227667.0,0.0
2022-03-31,Cleveland,OH,181633.0,1.51
2022-03-31,Kansas City,MO,276000.0,2.41
2022-03-31,Las Vegas,NV,418967.0,2.49
2022-03-31,Columbus,OH,265000.0,0.76
2022-03-31,Indianapolis,IN,247300.0,1.08
2022-03-31,San Jose,CA,1381667.0,4.79
2022-03-31,Austin,TX,507667.0,3.73
2022-03-31,Virginia Beach,VA,290167.0,0.58
2022-03-31,Nashville,TN,408333.0,1.66
2022-03-31,Providence,RI,363333.0,-0.21
2022-03-31,Milwaukee,WI,218333.0,1.55
2022-03-31,Jacksonville,FL,343842.0,2.02
2022-03-31,Memphis,TN,249650.0,-1.32
2022-03-31,Oklahoma City,OK,229943.0,2.22
2022-03-31,Louisville-Jefferson County,KY,225333.0,-0.88
2022-03-31,Hartford,CT,267959.0,-0.02
2022-03-31,Richmond,VA,321817.0,2.12
2022-03-31,New Orleans,LA,252167.0,1.34
2022-03-31,Buffalo,NY,197000.0,-1.54
2022-03-31,Raleigh,NC,404333.0,2.75
2022-03-31,Birmingham,AL,253333.0,0.94
2022-03-31,Salt Lake City,UT,518333.0,2.98
2022-03-31,Rochester,NY,178667.0,0.75
2022-03-31,Grand Rapids,MI,273333.0,3.14
2022-03-31,Tucson,AZ,324027.0,1.24
2022-03-31,Urban Honolulu,HI,711167.0,-0.02
2022-03-31,Tulsa,OK,222667.0,0.98
2022-03-31,Fresno,CA,388333.0,1.3
2022-03-31,Worcester,MA,349667.0,-0.19
2022-03-31,Stamford,CT,479833.0,0.28
2022-03-31,Albuquerque,NM,305333.0,1.07
2022-03-31,Albany,NY,234000.0,0.0
2022-03-31,Omaha,NE,258667.0,4.16
2022-03-31,New Haven,CT,281027.0,0.97
2022-03-31,Bakersfield,CA,325000.0,0.52
2022-03-31,Knoxville,TN,281008.0,0.58
2022-03-31,Greenville,SC,279333.0,0.22
2022-03-31,Ventura,CA,794333.0,0.85
2022-03-31,Allentown,PA,258050.0,0.26
2022-03-31,El Paso,TX,220667.0,0.92
2022-03-31,Baton Rouge,LA,244000.0,0.74
2022-03-31,Dayton,OH,169283.0,-3.26
2022-03-31,McAllen,TX,199983.0,0.0
2022-03-31,Columbia,SC,241631.0,1.54
2022-03-31,Greensboro,NC,175667.0,-1.86
2022-03-31,Akron,OH,165667.0,-0.69
2022-03-31,North Port-Sarasota-Bradenton,FL,426667.0,1.83
2022-03-31,Little Rock,AR,206633.0,-0.63
2022-03-31,Stockton,CA,533167.0,2.86
2022-03-31,Charleston,SC,380700.0,1.36
2022-03-31,Syracuse,NY,167167.0,-0.4
2022-03-31,Colorado Springs,CO,453333.0,1.87
2022-03-31,Winston-Salem,NC,164417.0,0.0
2022-03-31,Wichita,KS,187250.0,-4.03
2022-03-31,Springfield,MA,271333.0,-0.28
2022-03-31,Fort Myers,FL,306333.0,1.55
2022-03-31,Boise City,ID,497337.0,2.05
2022-03-31,Toledo,OH,146900.0,0.44
2022-03-31,Madison,WI,343858.0,1.7
2022-03-31,Lakeland,FL,300667.0,1.89
2022-03-31,Ogden,UT,444563.0,3.61
2022-03-31,Daytona Beach,FL,319333.0,1.81
2022-03-31,Des Moines,IA,264167.0,0.71
2022-03-31,Provo,UT,513748.0,2.27
2022-03-31,Durham,NC,396667.0,0.85
2022-03-31,Fort Collins,CO,535967.0,3.62
2022-04-30,New York,NY,535000.0,1.69
2022-04-30,Los Angeles-Long Beach-Anaheim,CA,903667.0,3.24
2022-04-30,Chicago,IL,293333.0,4.51
2022-04-30,Dallas-Fort Worth,TX,392806.0,4.96
2022-04-30,Philadelphia,PA,290000.0,1.16
2022-04-30,Houston,TX,331165.0,3.11
2022-04-30,Washington,DC,502417.0,6.2
2022-04-30,Miami-Fort Lauderdale,FL,400000.0,2.13
2022-04-30,Atlanta,GA,362230.0,3.43
2022-04-30,Boston,MA,590917.0,3.97
2022-04-30,San Francisco,CA,1095500.0,9.68
2022-04-30,Detroit,MI,233333.0,2.94
2022-04-30,Riverside,CA,551667.0,2.48
2022-04-30,Phoenix,AZ,465333.0,2.57
2022-04-30,Seattle,WA,709992.0,7.04
2022-04-30,Minneapolis-St Paul,MN,349812.0,2.94
2022-04-30,San Diego,CA,827417.0,3.43
2022-04-30,St. Louis,MO,221333.0,1.84
2022-04-30,Tampa,FL,355667.0,2.89
2022-04-30,Baltimore,MD,331333.0,2.05
2022-04-30,Denver,CO,602750.0,4.58
2022-04-30,Pittsburgh,PA,204333.0,2.94
2022-04-30,Portland,OR,534167.0,3.22
2022-04-30,Charlotte,NC,373333.0,3.33
2022-04-30,Sacramento,CA,583000.0,3.06
2022-04-30,San Antonio,TX,310933.0,2.48
2022-04-30,Orlando,FL,374333.0,3.98
2022-04-30,Cincinnati,OH,235000.0,3.22
2022-04-30,Cleveland,OH,187633.0,3.3
2022-04-30,Kansas City,MO,286000.0,3.62
2022-04-30,Las Vegas,NV,431300.0,2.94
2022-04-30,Columbus,OH,275333.0,3.9
2022-04-30,Indianapolis,IN,256500.0,3.72
2022-04-30,San Jose,CA,1486667.0,7.6
2022-04-30,Austin,TX,533000.0,4.99
2022-04-30,Virginia Beach,VA,297667.0,2.58
2022-04-30,Nashville,TN,426667.0,4.49
2022-04-30,Providence,RI,370000.0,1.83
2022-04-30,Milwaukee,WI,226667.0,3.82
2022-04-30,Jacksonville,FL,356472.0,3.67
2022-04-30,Memphis,TN,255900.0,2.5
2022-04-30,Oklahoma City,OK,235750.0,2.53
2022-04-30,Louisville-Jefferson County,KY,232000.0,2.96
2022-04-30,Hartford,CT,276643.0,3.24
2022-04-30,Richmond,VA,334983.0,4.09
2022-04-30,New Orleans,LA,257167.0,1.98
2022-04-30,Buffalo,NY,198167.0,0.59
2022-04-30,Raleigh,NC,417333.0,3.22
2022-04-30,Birmingham,AL,264667.0,4.47
2022-04-30,Salt Lake City,UT,535000.0,3.22
2022-04-30,Rochester,NY,187000.0,4.66
2022-04-30,Grand Rapids,MI,286667.0,4.88
2022-04-30,Tucson,AZ,334027.0,3.09
2022-04-30,Urban Honolulu,HI,712000.0,0.12
2022-04-30,Tulsa,OK,229833.0,3.22
2022-04-30,Fresno,CA,391667.0,0.86
2022-04-30,Worcester,MA,358000.0,2.38
2022-04-30,Stamford,CT,506500.0,5.56
2022-04-30,Albuquerque,NM,313667.0,2.73
2022-04-30,Albany,NY,227267.0,-2.88
2022-04-30,Omaha,NE,266000.0,2.83
2022-04-30,New Haven,CT,288027.0,2.49
2022-04-30,Bakersfield,CA,333333.0,2.56
2022-04-30,Knoxville,TN,295867.0,5.29
2022-04-30,Greenville,SC,286667.0,2.63
2022-04-30,Ventura,CA,821167.0,3.38
2022-04-30,Allentown,PA,263317.0,2.04
2022-04-30,El Paso,TX,225667.0,2.27
2022-04-30,Baton Rouge,LA,250667.0,2.73
2022-04-30,Dayton,OH,170267.0,0.58
2022-04-30,McAllen,TX,207650.0,3.83
2022-04-30,Columbia,SC,248298.0,2.76
2022-04-30,Greensboro,NC,172667.0,-1.71
2022-04-30,Akron,OH,173667.0,4.83
2022-04-30,North Port-Sarasota-Bradenton,FL,430000.0,0.78
2022-04-30,Little Rock,AR,213300.0,3.23
2022-04-30,Stockton,CA,548917.0,2.95
2022-04-30,Charleston,SC,395193.0,3.81
2022-04-30,Syracuse,NY,175000.0,4.69
2022-04-30,Colorado Springs,CO,468333.0,3.31
2022-04-30,Winston-Salem,NC,167333.0,1.77
2022-04-30,Wichita,KS,191830.0,2.45
2022-04-30,Springfield,MA,275000.0,1.35
2022-04-30,Fort Myers,FL,319667.0,4.35
2022-04-30,Boise City,ID,508332.0,2.21
2022-04-30,Toledo,OH,152000.0,3.47
2022-04-30,Madison,WI,353717.0,2.87
2022-04-30,Lakeland,FL,309667.0,2.99
2022-04-30,Ogden,UT,468229.0,5.32
2022-04-30,Daytona Beach,FL,327667.0,2.61
2022-04-30,Des Moines,IA,267150.0,1.13
2022-04-30,Provo,UT,529818.0,3.13
2022-04-30,Durham,NC,413333.0,4.2
2022-04-30,Fort Collins,CO,555000.0,3.55
2022-05-31,New York,NY,546667.0,2.18
2022-05-31,Los Angeles-Long Beach-Anaheim,CA,922000.0,2.03
2022-05-31,Chicago,IL,306433.0,4.47
2022-05-31,Dallas-Fort Worth,TX,411900.0,4.86
2022-05-31,Philadelphia,PA,305000.0,5.17
2022-05-31,Houston,TX,340000.0,2.67
2022-05-31,Washington,DC,528667.0,5.22
2022-05-31,Miami-Fort Lauderdale,FL,413333.0,3.33
2022-05-31,Atlanta,GA,375563.0,3.68
2022-05-31,Boston,MA,624250.0,5.64
2022-05-31,San Francisco,CA,1162167.0,6.09
2022-05-31,Detroit,MI,240000.0,2.86
2022-05-31,Riverside,CA,561667.0,1.81
2022-05-31,Phoenix,AZ,478666.0,2.87
2022-05-31,Seattle,WA,738333.0,3.99
2022-05-31,Minneapolis-St Paul,MN,360000.0,2.91
2022-05-31,San Diego,CA,849250.0,2.64
2022-05-31,St. Louis,MO,233000.0,5.27
2022-05-31,Tampa,FL,368000.0,3.47
2022-05-31,Baltimore,MD,345000.0,4.12
2022-05-31,Denver,CO,621083.0,3.04
2022-05-31,Pittsburgh,PA,213667.0,4.57
2022-05-31,Portland,OR,550833.0,3.12
2022-05-31,Charlotte,NC,387000.0,3.66
2022-05-31,Sacramento,CA,595000.0,2.06
2022-05-31,San Antonio,TX,324038.0,4.21
2022-05-31,Orlando,FL,385983.0,3.11
2022-05-31,Cincinnati,OH,248109.0,5.58
2022-05-31,Cleveland,OH,197417.0,5.21
2022-05-31,Kansas City,MO,301667.0,5.48
2022-05-31,Las Vegas,NV,437883.0,1.53
2022-05-31,Columbus,OH,290333.0,5.45
2022-05-31,Indianapolis,IN,270012.0,5.27
2022-05-31,San Jose,CA,1523333.0,2.47
2022-05-31,Austin,TX,560266.0,5.12
2022-05-31,Virginia Beach,VA,310667.0,4.37
2022-05-31,Nashville,TN,444967.0,4.29
2022-05-31,Providence,RI,385333.0,4.14
2022-05-31,Milwaukee,WI,238333.0,5.15
2022-05-31,Jacksonville,FL,366079.0,2.7
2022-05-31,Memphis,TN,264583.0,3.39
2022-05-31,Oklahoma City,OK,243333.0,3.22
2022-05-31,Louisville-Jefferson County,KY,240333.0,3.59
2022-05-31,Hartford,CT,288310.0,4.22
2022-05-31,Richmond,VA,346667.0,3.49
2022-05-31,New Orleans,LA,266667.0,3.69
2022-05-31,Buffalo,NY,213167.0,7.57
2022-05-31,Raleigh,NC,431500.0,3.39
2022-05-31,Birmingham,AL,275000.0,3.9
2022-05-31,Salt Lake City,UT,548333.0,2.49
2022-05-31,Rochester,NY,199017.0,6.43
2022-05-31,Grand Rapids,MI,298333.0,4.07
2022-05-31,Tucson,AZ,342985.0,2.68
2022-05-31,Urban Honolulu,HI,725000.0,1.83
2022-05-31,Tulsa,OK,238000.0,3.55
2022-05-31,Fresno,CA,393333.0,0.43
2022-05-31,Worcester,MA,375667.0,4.93
2022-05-31,Stamford,CT,543167.0,7.24
2022-05-31,Albuquerque,NM,324167.0,3.35
2022-05-31,Albany,NY,227600.0,0.15
2022-05-31,Omaha,NE,278667.0,4.76
2022-05-31,New Haven,CT,298027.0,3.47
2022-05-31,Bakersfield,CA,338000.0,1.4
2022-05-31,Knoxville,TN,309967.0,4.77
2022-05-31,Greenville,SC,293667.0,2.44
2022-05-31,Ventura,CA,830167.0,1.1
2022-05-31,Allentown,PA,273333.0,3.8
2022-05-31,El Paso,TX,227333.0,0.74
2022-05-31,Baton Rouge,LA,251667.0,0.4
2022-05-31,Dayton,OH,181600.0,6.66
2022-05-31,McAllen,TX,212667.0,2.42
2022-05-31,Columbia,SC,250667.0,0.95
2022-05-31,Greensboro,NC,172000.0,-0.39
2022-05-31,Akron,OH,183500.0,5.66
2022-05-31,North Port-Sarasota-Bradenton,FL,445000.0,3.49
2022-05-31,Little Rock,AR,218300.0,2.34
2022-05-31,Stockton,CA,566917.0,3.28
2022-05-31,Charleston,SC,416667.0,5.43
2022-05-31,Syracuse,NY,181750.0,3.86
2022-05-31,Colorado Springs,CO,481667.0,2.85
2022-05-31,Winston-Salem,NC,175583.0,4.93
2022-05-31,Wichita,KS,200496.0,4.52
2022-05-31,Springfield,MA,282667.0,2.79
2022-05-31,Fort Myers,FL,336333.0,5.21
2022-05-31,Boise City,ID,522977.0,2.88
2022-05-31,Toledo,OH,158117.0,4.02
2022-05-31,Madison,WI,358333.0,1.3
2022-05-31,Lakeland,FL,317333.0,2.48
2022-05-31,Ogden,UT,484146.0,3.4
2022-05-31,Daytona Beach,FL,334000.0,1.93
2022-05-31,Des Moines,IA,276483.0,3.49
2022-05-31,Provo,UT,538296.0,1.6
2022-05-31,Durham,NC,433417.0,4.86
2022-05-31,Fort Collins,CO,561667.0,1.2
