RegionID,RegionName,SizeRank,2014-01,2014-02,2014-03,2014-04,2014-05,2014-06,2014-07,2014-08,2014-09,2014-10,2014-11,2014-12,2015-01,2015-02,2015-03,2015-04,2015-05,2015-06,2015-07,2015-08,2015-09,2015-10,2015-11,2015-12,2016-01,2016-02,2016-03,2016-04,2016-05,2016-06,2016-07,2016-08,2016-09,2016-10,2016-11,2016-12,2017-01,2017-02,2017-03,2017-04,2017-05,2017-06,2017-07,2017-08,2017-09,2017-10,2017-11,2017-12,2018-01,2018-02,2018-03,2018-04,2018-05,2018-06,2018-07,2018-08,2018-09,2018-10,2018-11,2018-12,2019-01,2019-02,2019-03,2019-04,2019-05,2019-06,2019-07,2019-08,2019-09,2019-10,2019-11,2019-12,2020-01,2020-02,2020-03,2020-04,2020-05,2020-06,2020-07,2020-08,2020-09,2020-10,2020-11,2020-12,2021-01,2021-02,2021-03,2021-04,2021-05,2021-06,2021-07,2021-08,2021-09,2021-10,2021-11,2021-12,2022-01,2022-02,2022-03,2022-04,2022-05,2022-06
102001,United States,0,1283,1294,1295,1302,1315,1325,1334,1339,1341,1341,1341,1341,1346,1353,1361,1373,1382,1391,1396,1401,1402,1403,1404,1404,1409,1416,1425,1434,1442,1450,1452,1455,1455,1454,1453,1452,1456,1463,1471,1481,1490,1496,1502,1504,1504,1503,1502,1503,1507,1513,1522,1531,1540,1550,1555,1559,1559,1559,1560,1561,1565,1572,1581,1590,1601,1611,1616,1618,1618,1616,1615,1617,1622,1631,1636,1630,1626,1629,1631,1628,1625,1624,1627,1630,1634,1642,1659,1685,1716,1749,1786,1820,1843,1861,1878,1895,1901,1925,1942,1965,1991,2007
394913,"New York, NY",1,2306,2335,2342,2348,2382,2400,2418,2426,2429,2427,2431,2423,2433,2447,2463,2493,2505,2518,2525,2534,2542,2543,2536,2534,2536,2543,2547,2564,2578,2591,2579,2589,2595,2589,2587,2579,2576,2580,2591,2607,2624,2632,2640,2637,2645,2634,2615,2616,2610,2611,2621,2635,2650,2664,2678,2684,2683,2675,2666,2664,2662,2671,2688,2699,2724,2743,2752,2753,2745,2739,2726,2712,2720,2740,2746,2730,2712,2694,2663,2605,2549,2509,2488,2478,2479,2484,2507,2545,2593,2644,2708,2757,2799,2826,2852,2884,2917,2970,3019,3072,3135,3186
753899,"Los Angeles-Long Beach-Anaheim, CA",2,1815,1846,1833,1842,1865,1885,1903,1918,1927,1933,1932,1936,1950,1958,1975,1988,1999,2012,2028,2040,2049,2058,2067,2071,2083,2100,2111,2119,2138,2152,2156,2168,2174,2181,2182,2188,2200,2212,2224,2239,2254,2261,2276,2283,2287,2289,2293,2293,2304,2312,2320,2332,2343,2356,2365,2377,2382,2387,2394,2399,2403,2408,2416,2427,2436,2447,2458,2465,2469,2470,2474,2482,2487,2492,2491,2466,2449,2446,2446,2438,2441,2449,2452,2448,2448,2457,2472,2494,2524,2566,2613,2671,2708,2735,2759,2781,2801,2834,2863,2900,2935,2951
394463,"Chicago, IL",3,1464,1477,1478,1483,1499,1514,1522,1525,1519,1515,1513,1512,1515,1520,1510,1533,1547,1562,1570,1576,1571,1562,1553,1553,1561,1571,1581,1594,1606,1616,1621,1622,1613,1600,1592,1588,1588,1603,1616,1630,1643,1649,1652,1649,1641,1632,1625,1626,1629,1636,1649,1659,1671,1681,1684,1681,1674,1663,1660,1657,1664,1673,1686,1700,1712,1723,1728,1727,1723,1715,1704,1703,1711,1721,1731,1729,1728,1727,1723,1711,1693,1672,1659,1652,1651,1656,1676,1709,1739,1766,1785,1804,1809,1813,1818,1832,1846,1860,1883,1907,1931,1947
394514,"Dallas-Fort Worth, TX",4,1105,1130,1136,1152,1147,1150,1155,1157,1161,1158,1155,1158,1162,1167,1180,1189,1199,1206,1211,1217,1213,1212,1211,1212,1217,1222,1236,1247,1257,1265,1272,1274,1274,1274,1276,1276,1279,1284,1294,1300,1311,1320,1323,1327,1326,1328,1325,1326,1329,1337,1340,1348,1352,1361,1366,1370,1366,1370,1374,1371,1374,1384,1388,1397,1407,1416,1420,1420,1421,1420,1417,1415,1419,1426,1431,1425,1423,1428,1431,1432,1434,1439,1442,1445,1450,1459,1472,1498,1528,1566,1607,1644,1667,1681,1700,1710,1719,1735,1744,1771,1802,1825
394974,"Philadelphia, PA",5,1350,1316,1337,1340,1349,1360,1365,1370,1374,1368,1364,1352,1356,1359,1371,1383,1395,1401,1403,1404,1402,1398,1399,1398,1402,1408,1419,1427,1436,1441,1448,1442,1439,1436,1438,1437,1439,1444,1454,1461,1468,1470,1473,1474,1470,1471,1476,1476,1472,1478,1489,1499,1510,1514,1515,1517,1518,1519,1517,1521,1527,1533,1541,1549,1556,1567,1570,1570,1568,1570,1570,1570,1572,1585,1590,1584,1586,1589,1590,1593,1593,1592,1594,1599,1597,1599,1610,1628,1650,1672,1693,1724,1736,1751,1766,1788,1784,1794,1808,1821,1838,1852
394692,"Houston, TX",6,1160,1189,1177,1186,1210,1223,1237,1245,1245,1249,1246,1243,1248,1251,1257,1268,1275,1282,1287,1288,1285,1281,1281,1280,1279,1285,1292,1292,1291,1294,1292,1288,1285,1283,1276,1273,1271,1274,1282,1285,1291,1293,1292,1293,1298,1308,1315,1319,1320,1324,1329,1335,1338,1343,1346,1344,1342,1342,1346,1341,1340,1342,1348,1353,1360,1366,1369,1367,1365,1364,1362,1365,1367,1369,1374,1365,1357,1356,1355,1355,1358,1363,1368,1368,1367,1364,1374,1389,1414,1446,1475,1499,1504,1518,1526,1536,1535,1546,1556,1568,1583,1589
395209,"Washington, DC",7,1778,1819,1807,1806,1819,1833,1843,1848,1850,1837,1829,1818,1823,1831,1832,1846,1852,1862,1866,1864,1859,1862,1857,1859,1860,1866,1875,1883,1892,1902,1885,1895,1892,1889,1884,1882,1889,1894,1900,1916,1926,1932,1933,1935,1932,1922,1911,1909,1911,1918,1924,1940,1951,1964,1972,1976,1970,1965,1964,1963,1970,1979,1987,2000,2012,2023,2029,2030,2031,2023,2016,2013,2019,2026,2033,2026,2015,2014,2010,1998,1981,1966,1948,1939,1939,1941,1951,1975,2008,2048,2086,2122,2139,2155,2163,2168,2172,2184,2197,2221,2244,2263
394856,"Miami-Fort Lauderdale, FL",8,1578,1582,1584,1585,1597,1604,1621,1628,1640,1647,1655,1659,1664,1676,1679,1682,1694,1705,1708,1722,1733,1743,1753,1758,1762,1769,1773,1771,1775,1776,1777,1782,1786,1787,1793,1792,1797,1800,1804,1803,1804,1809,1815,1822,1827,1836,1837,1839,1844,1845,1848,1849,1853,1861,1866,1874,1881,1888,1894,1896,1895,1897,1903,1905,1905,1909,1915,1919,1926,1935,1945,1954,1955,1960,1960,1952,1940,1938,1941,1944,1950,1962,1980,1994,2018,2039,2069,2112,2160,2219,2293,2367,2421,2472,2540,2610,2638,2693,2744,2789,2834,2848
394347,"Atlanta, GA",9,1056,1067,1067,1075,1080,1087,1092,1097,1095,1095,1098,1100,1103,1109,1116,1125,1137,1148,1155,1156,1153,1154,1155,1158,1162,1170,1184,1193,1203,1214,1222,1224,1228,1232,1230,1230,1233,1240,1249,1258,1270,1280,1291,1296,1300,1298,1298,1299,1305,1312,1323,1332,1346,1355,1362,1368,1373,1377,1381,1384,1394,1398,1408,1419,1429,1439,1445,1449,1454,1451,1449,1450,1455,1463,1471,1466,1466,1473,1484,1496,1506,1517,1524,1536,1548,1564,1585,1615,1649,1693,1745,1802,1836,1859,1869,1869,1875,1887,1897,1904,1928,1946
394404,"Boston, MA",10,2097,2114,2116,2110,2127,2147,2162,2171,2165,2157,2140,2125,2136,2160,2183,2197,2217,2235,2238,2233,2228,2221,2209,2209,2236,2261,2277,2292,2313,2325,2325,2329,2317,2304,2286,2293,2322,2344,2354,2374,2386,2395,2403,2399,2387,2361,2360,2364,2387,2402,2419,2436,2451,2465,2470,2463,2443,2438,2433,2442,2463,2473,2492,2512,2531,2548,2548,2546,2530,2514,2508,2516,2535,2554,2568,2559,2549,2541,2528,2484,2426,2375,2348,2345,2361,2387,2418,2456,2497,2542,2579,2602,2631,2653,2680,2677,2686,2691,2714,2758,2804,2836
395057,"San Francisco, CA",11,2194,2117,2182,2213,2277,2350,2374,2419,2463,2488,2491,2503,2526,2554,2584,2607,2650,2696,2711,2739,2755,2764,2763,2772,2779,2793,2806,2824,2843,2866,2861,2874,2859,2845,2834,2819,2822,2841,2852,2868,2895,2920,2935,2943,2943,2934,2921,2922,2930,2934,2949,2962,2989,3004,3019,3033,3036,3032,3031,3031,3032,3043,3058,3071,3087,3111,3125,3126,3120,3107,3104,3105,3120,3134,3130,3114,3098,3073,3042,2977,2918,2877,2858,2830,2834,2837,2873,2903,2943,2999,3058,3088,3099,3110,3107,3129,3137,3158,3192,3215,3247,3266
394532,"Detroit, MI",12,953,958,963,966,972,978,984,987,986,985,985,983,984,988,996,998,1004,1011,1014,1018,1021,1010,1012,1013,1019,1021,1026,1032,1036,1043,1051,1059,1053,1054,1048,1046,1049,1052,1059,1069,1077,1086,1091,1095,1095,1093,1094,1093,1094,1100,1107,1109,1121,1127,1133,1136,1135,1134,1135,1134,1136,1136,1144,1153,1160,1168,1174,1178,1174,1173,1175,1175,1167,1173,1179,1182,1184,1193,1207,1214,1223,1238,1238,1249,1255,1262,1273,1291,1305,1322,1342,1358,1362,1374,1381,1389,1386,1398,1409,1436,1452,1463
395025,"Riverside, CA",13,1424,1433,1432,1431,1438,1445,1459,1459,1464,1468,1472,1481,1484,1491,1497,1508,1512,1517,1522,1530,1539,1543,1549,1552,1555,1563,1569,1576,1583,1595,1600,1604,1617,1616,1623,1624,1635,1639,1652,1668,1679,1688,1696,1705,1709,1716,1723,1719,1725,1738,1749,1762,1766,1780,1792,1801,1811,1817,1815,1825,1826,1834,1838,1847,1853,1858,1876,1885,1888,1895,1897,1900,1907,1916,1917,1908,1904,1921,1945,1975,2010,2039,2060,2074,2104,2118,2157,2195,2225,2277,2336,2387,2419,2424,2431,2452,2486,2515,2549,2571,2584,2601
394976,"Phoenix, AZ",14,955,969,964,966,974,980,982,986,989,990,992,993,996,1013,1018,1028,1036,1041,1041,1045,1050,1050,1053,1057,1064,1069,1077,1087,1095,1101,1105,1106,1108,1109,1112,1114,1118,1125,1135,1143,1152,1159,1164,1167,1171,1174,1173,1175,1182,1187,1202,1217,1225,1234,1242,1249,1253,1259,1265,1271,1274,1286,1296,1311,1324,1334,1342,1351,1353,1358,1364,1377,1384,1397,1400,1394,1394,1401,1413,1430,1446,1461,1479,1486,1501,1515,1541,1577,1626,1680,1739,1789,1820,1846,1872,1878,1889,1900,1911,1926,1940,1938
395078,"Seattle, WA",15,1357,1384,1375,1393,1421,1437,1449,1464,1469,1466,1464,1468,1476,1490,1505,1515,1529,1546,1558,1570,1574,1579,1572,1570,1580,1589,1614,1631,1659,1677,1674,1694,1695,1697,1690,1690,1698,1707,1732,1753,1776,1793,1805,1809,1803,1792,1778,1771,1775,1786,1801,1820,1837,1849,1857,1858,1852,1847,1841,1842,1845,1855,1871,1890,1909,1928,1937,1944,1934,1931,1925,1931,1947,1964,1978,1967,1955,1954,1951,1941,1918,1890,1862,1842,1851,1861,1884,1925,1968,2022,2074,2118,2149,2159,2165,2168,2170,2193,2213,2239,2277,2307
394865,"Minneapolis-St Paul, MN",16,1174,1191,1189,1193,1198,1211,1219,1229,1227,1222,1206,1204,1205,1214,1228,1239,1250,1259,1264,1263,1260,1257,1258,1259,1261,1272,1283,1291,1303,1310,1313,1314,1314,1315,1316,1309,1322,1334,1344,1353,1359,1367,1371,1374,1373,1365,1373,1372,1383,1387,1397,1408,1416,1429,1432,1432,1428,1428,1430,1430,1437,1445,1461,1472,1482,1493,1493,1481,1486,1484,1490,1487,1494,1506,1513,1514,1512,1514,1511,1513,1509,1518,1512,1508,1505,1502,1515,1530,1547,1562,1574,1585,1596,1596,1591,1595,1599,1615,1623,1632,1650,1657
395056,"San Diego, CA",17,1757,1738,1751,1759,1784,1800,1808,1817,1825,1827,1837,1836,1851,1872,1883,1894,1903,1914,1924,1934,1941,1940,1951,1951,1957,1969,1985,2004,2020,2039,2038,2045,2053,2051,2054,2054,2058,2077,2094,2102,2124,2138,2148,2159,2158,2160,2151,2154,2167,2183,2193,2204,2225,2240,2249,2263,2264,2262,2265,2261,2263,2271,2280,2292,2308,2313,2329,2340,2339,2345,2344,2344,2348,2355,2356,2339,2339,2350,2357,2364,2377,2385,2406,2419,2424,2431,2453,2490,2537,2581,2643,2702,2745,2782,2810,2838,2840,2884,2933,2993,3040,3078
395121,"St. Louis, MO",18,911,890,902,911,922,927,932,934,932,934,926,929,928,934,945,946,949,955,952,957,956,956,955,956,956,961,963,968,974,976,980,980,976,979,977,973,976,978,985,990,992,996,999,999,999,1001,997,996,999,1001,1003,1012,1018,1015,1022,1023,1025,1023,1022,1023,1025,1029,1039,1048,1048,1062,1059,1059,1060,1058,1057,1056,1061,1065,1077,1078,1080,1081,1087,1092,1097,1102,1100,1099,1101,1107,1117,1133,1146,1155,1172,1181,1196,1200,1211,1218,1215,1228,1245,1258,1275,1290
395148,"Tampa, FL",19,1095,1104,1106,1106,1115,1118,1124,1127,1131,1131,1135,1139,1144,1150,1154,1158,1164,1173,1180,1185,1186,1192,1200,1202,1205,1211,1219,1227,1231,1238,1240,1244,1248,1251,1256,1256,1262,1266,1274,1282,1288,1296,1301,1305,1301,1308,1313,1316,1322,1330,1339,1350,1357,1364,1370,1374,1375,1378,1385,1386,1388,1394,1402,1410,1420,1424,1429,1436,1439,1443,1443,1449,1457,1461,1468,1464,1459,1470,1479,1491,1505,1519,1531,1540,1549,1569,1583,1615,1664,1723,1792,1862,1907,1940,1966,1983,1987,2014,2036,2054,2089,2106
394358,"Baltimore, MD",20,1369,1395,1395,1407,1415,1425,1437,1439,1438,1438,1437,1435,1428,1429,1428,1437,1442,1452,1461,1462,1457,1454,1452,1459,1454,1452,1459,1464,1469,1476,1474,1469,1463,1458,1453,1446,1447,1456,1456,1464,1481,1482,1485,1481,1474,1473,1470,1463,1461,1464,1474,1484,1492,1492,1494,1497,1492,1490,1489,1490,1492,1506,1512,1517,1524,1528,1533,1531,1528,1520,1520,1525,1529,1531,1527,1516,1515,1518,1525,1524,1530,1533,1539,1550,1550,1561,1575,1601,1627,1651,1683,1707,1720,1710,1728,1739,1742,1751,1762,1779,1792,1800
394530,"Denver, CO",21,1204,1162,1189,1213,1238,1273,1289,1305,1316,1326,1335,1338,1342,1360,1374,1392,1406,1421,1428,1436,1437,1440,1433,1444,1447,1458,1459,1469,1487,1495,1501,1502,1503,1489,1483,1480,1484,1491,1507,1518,1535,1547,1553,1555,1549,1543,1536,1536,1542,1551,1560,1572,1583,1598,1606,1610,1606,1601,1601,1602,1605,1615,1624,1635,1649,1665,1667,1667,1660,1656,1653,1651,1653,1666,1671,1654,1650,1652,1657,1655,1653,1650,1647,1646,1653,1657,1674,1705,1742,1782,1824,1859,1874,1879,1883,1892,1904,1919,1941,1967,1993,2005
394982,"Pittsburgh, PA",22,948,1001,989,1014,1020,1035,1040,1064,1056,1038,1041,1045,1029,1039,1044,1048,1057,1060,1067,1072,1057,1047,1055,1044,1051,1068,1075,1079,1081,1080,1080,1073,1062,1062,1059,1061,1064,1077,1083,1091,1093,1094,1095,1091,1082,1081,1085,1085,1094,1102,1109,1114,1121,1124,1130,1129,1121,1122,1126,1130,1130,1137,1146,1151,1152,1158,1161,1162,1166,1168,1172,1179,1179,1182,1183,1184,1188,1190,1188,1187,1182,1188,1193,1192,1192,1201,1209,1222,1231,1246,1252,1269,1283,1285,1296,1289,1290,1303,1317,1323,1335,1351
394998,"Portland, OR",23,1128,1152,1155,1158,1177,1197,1213,1223,1231,1236,1233,1239,1246,1251,1264,1280,1297,1318,1338,1357,1363,1367,1363,1363,1365,1376,1389,1405,1422,1436,1445,1445,1446,1438,1434,1431,1436,1444,1454,1467,1481,1487,1494,1498,1496,1485,1479,1470,1474,1481,1489,1499,1515,1525,1535,1540,1538,1532,1531,1529,1529,1539,1546,1554,1568,1575,1585,1593,1594,1590,1589,1590,1587,1595,1596,1586,1585,1592,1599,1607,1610,1605,1603,1599,1613,1613,1627,1651,1682,1713,1747,1775,1795,1800,1806,1810,1815,1828,1843,1865,1896,1915
394458,"Charlotte, NC",24,1051,1055,1055,1062,1073,1083,1089,1094,1092,1092,1090,1094,1096,1097,1100,1114,1128,1137,1144,1151,1150,1148,1149,1150,1155,1166,1173,1178,1186,1193,1200,1205,1207,1211,1210,1206,1215,1215,1222,1236,1247,1254,1261,1263,1264,1262,1265,1260,1261,1268,1274,1287,1297,1307,1311,1316,1315,1314,1322,1330,1330,1338,1345,1354,1368,1374,1380,1380,1385,1388,1384,1385,1392,1395,1403,1388,1384,1392,1400,1401,1407,1412,1421,1424,1434,1443,1461,1489,1515,1550,1585,1625,1654,1671,1688,1705,1712,1721,1729,1752,1785,1807
395045,"Sacramento, CA",25,1248,1274,1266,1267,1277,1285,1300,1300,1306,1314,1310,1308,1318,1321,1335,1348,1359,1367,1377,1392,1404,1406,1398,1409,1419,1424,1435,1455,1474,1488,1498,1509,1502,1508,1518,1528,1533,1546,1563,1575,1596,1611,1617,1630,1640,1644,1641,1644,1646,1654,1664,1677,1697,1712,1719,1730,1725,1727,1732,1736,1741,1753,1768,1775,1786,1797,1805,1808,1814,1813,1815,1809,1814,1830,1834,1834,1830,1849,1868,1885,1904,1919,1933,1944,1957,1968,1981,2005,2041,2082,2136,2160,2174,2187,2201,2191,2190,2209,2233,2250,2275,2292
395055,"San Antonio, TX",26,985,998,995,1004,1012,1017,1016,1022,1025,1026,1022,1011,1019,1029,1038,1046,1054,1060,1063,1066,1060,1065,1067,1072,1067,1070,1081,1087,1093,1095,1094,1100,1100,1101,1105,1103,1103,1111,1117,1122,1126,1131,1136,1134,1133,1132,1130,1130,1130,1133,1142,1147,1152,1159,1163,1168,1168,1170,1172,1170,1172,1176,1180,1185,1194,1198,1204,1210,1214,1215,1209,1210,1211,1214,1214,1211,1210,1212,1218,1226,1228,1229,1232,1235,1239,1240,1252,1270,1289,1314,1347,1384,1406,1412,1417,1431,1432,1442,1451,1466,1483,1493
394943,"Orlando, FL",27,1131,1143,1143,1148,1156,1167,1189,1184,1183,1179,1175,1179,1182,1189,1194,1205,1218,1221,1232,1237,1241,1244,1243,1245,1251,1254,1259,1270,1284,1291,1299,1303,1302,1304,1301,1301,1309,1318,1317,1332,1345,1354,1363,1366,1356,1368,1373,1384,1391,1400,1410,1419,1429,1441,1449,1454,1455,1458,1460,1460,1465,1469,1477,1485,1497,1505,1512,1512,1515,1518,1514,1517,1519,1525,1529,1519,1516,1520,1526,1525,1527,1526,1529,1537,1547,1557,1575,1607,1640,1685,1741,1795,1832,1868,1899,1910,1918,1937,1969,1993,2033,2062
394466,"Cincinnati, OH",28,,910,923,923,942,943,951,955,956,951,944,944,945,950,967,968,969,977,983,991,989,989,991,990,996,997,1005,1006,1012,1012,1015,1021,1020,1018,1022,1030,1032,1039,1042,1049,1054,1057,1058,1058,1061,1060,1063,1065,1068,1071,1079,1086,1096,1096,1099,1102,1107,1117,1116,1122,1123,1126,1138,1144,1157,1159,1165,1166,1169,1166,1177,1174,1184,1192,1192,1195,1197,1202,1210,1211,1217,1222,1231,1235,1238,1244,1259,1273,1283,1299,1314,1318,1333,1348,1356,1363,1361,1376,1394,1417,1436,1457
394475,"Cleveland, OH",29,970,969,966,974,978,990,998,984,986,992,994,994,999,1006,1013,1020,1027,1051,1040,1032,1029,1033,1037,1025,1034,1045,1047,1051,1062,1080,1117,1103,1073,1058,1050,1049,1044,1049,1051,1060,1064,1067,1068,1068,1073,1071,1070,1064,1068,1072,1078,1084,1095,1092,1097,1100,1101,1104,1103,1103,1108,1115,1122,1128,1134,1133,1136,1130,1129,1128,1133,1137,1137,1145,1145,1157,1159,1160,1160,1177,1175,1173,1176,1186,1188,1201,1214,1216,1237,1251,1267,1277,1290,1290,1297,1307,1299,1326,1336,1354,1373,1384
394735,"Kansas City, MO",30,882,869,880,894,898,914,932,929,923,917,914,912,917,914,927,933,934,948,950,959,949,950,951,952,954,958,964,971,975,980,982,987,989,989,990,992,993,996,999,1007,1014,1015,1020,1024,1022,1025,1027,1029,1025,1028,1035,1042,1049,1054,1055,1060,1063,1057,1058,1057,1060,1067,1074,1082,1089,1097,1101,1103,1102,1095,1096,1104,1103,1112,1120,1124,1127,1136,1145,1148,1163,1159,1157,1160,1159,1161,1172,1190,1208,1226,1242,1248,1241,1257,1268,1277,1279,1293,1303,1323,1342,1357
394775,"Las Vegas, NV",31,1017,1020,1020,1022,1029,1037,1041,1043,1043,1044,1044,1042,1042,1047,1052,1059,1066,1075,1079,1084,1087,1085,1087,1089,1091,1095,1103,1109,1120,1128,1130,1133,1135,1135,1138,1136,1139,1146,1155,1164,1174,1182,1191,1195,1201,1201,1204,1207,1209,1219,1228,1241,1254,1264,1272,1279,1281,1284,1291,1292,1297,1305,1316,1328,1340,1349,1357,1361,1362,1359,1357,1359,1363,1372,1375,1360,1359,1369,1386,1404,1418,1434,1446,1450,1462,1479,1495,1528,1578,1637,1698,1754,1784,1803,1812,1817,1829,1827,1839,1856,1879,1884
394492,"Columbus, OH",32,925,955,933,929,940,944,941,947,953,965,963,960,952,953,962,969,984,990,992,997,997,1002,1011,1002,1004,1004,1010,1017,1026,1034,1032,1027,1026,1029,1028,1037,1034,1039,1052,1057,1064,1072,1074,1076,1075,1078,1081,1087,1085,1092,1103,1113,1118,1124,1129,1125,1129,1129,1132,1134,1142,1148,1155,1158,1159,1163,1167,1168,1178,1178,1178,1179,1187,1191,1191,1197,1202,1210,1217,1223,1224,1238,1245,1246,1243,1243,1256,1264,1282,1296,1321,1339,1342,1355,1366,1383,1375,1386,1392,1420,1442,1456
394705,"Indianapolis, IN",33,956,952,956,961,974,979,979,984,982,986,977,973,969,976,988,994,995,997,1000,1003,1007,1008,1012,1010,1008,1009,1015,1025,1032,1035,1043,1040,1037,1033,1028,1026,1030,1037,1042,1050,1056,1062,1063,1064,1067,1070,1071,1069,1077,1077,1084,1090,1096,1101,1105,1108,1108,1108,1109,1108,1112,1118,1129,1139,1146,1155,1159,1155,1163,1161,1155,1153,1160,1170,1176,1177,1189,1204,1211,1221,1226,1229,1226,1237,1245,1257,1263,1273,1295,1321,1347,1369,1385,1390,1391,1391,1397,1413,1429,1449,1468,1491
395059,"San Jose, CA",34,,2199,2222,2231,2325,2439,2480,2520,2554,2552,2553,2560,2583,2622,2636,2667,2702,2760,2796,2837,2816,2836,2822,2824,2827,2846,2844,2858,2879,2887,2907,2888,2874,2842,2821,2817,2837,2848,2856,2880,2906,2930,2950,2942,2949,2933,2915,2911,2929,2948,2968,2984,3010,3045,3061,3064,3060,3052,3037,3021,3034,3053,3076,3086,3101,3123,3137,3147,3133,3115,3104,3108,3120,3143,3151,3124,3100,3076,3043,3001,2969,2913,2884,2868,2857,2863,2882,2901,2950,2998,3050,3098,3115,3109,3117,3130,3157,3196,3221,3267,3310,3361
394355,"Austin, TX",35,1181,1188,1185,1198,1214,1223,1240,1244,1247,1240,1240,1241,1249,1252,1265,1271,1282,1288,1296,1300,1300,1296,1300,1304,1306,1310,1319,1324,1331,1340,1342,1337,1334,1330,1327,1326,1327,1334,1344,1351,1357,1366,1367,1360,1349,1346,1345,1343,1339,1349,1357,1366,1378,1393,1401,1405,1406,1405,1410,1406,1408,1418,1425,1434,1445,1455,1464,1467,1465,1465,1465,1464,1467,1475,1482,1469,1457,1455,1456,1450,1440,1435,1439,1441,1456,1471,1494,1532,1576,1629,1693,1745,1769,1785,1786,1800,1791,1806,1820,1843,1873,1895
395194,"Virginia Beach, VA",36,1153,1170,1167,1169,1175,1179,1184,1182,1181,1179,1180,1183,1182,1183,1187,1193,1193,1198,1200,1200,1197,1196,1193,1194,1199,1205,1205,1209,1212,1212,1213,1211,1206,1206,1202,1204,1212,1217,1221,1230,1230,1229,1233,1234,1234,1232,1229,1226,1227,1235,1245,1251,1251,1251,1256,1258,1254,1254,1258,1258,1262,1270,1276,1280,1290,1294,1294,1298,1296,1296,1300,1302,1300,1304,1305,1303,1304,1310,1326,1340,1348,1355,1362,1371,1373,1381,1394,1417,1449,1476,1512,1536,1564,1577,1571,1571,1557,1565,1579,1591,1610,1627
394902,"Nashville, TN",37,1082,1142,1111,1132,1134,1147,1157,1160,1163,1171,1173,1170,1170,1180,1194,1205,1213,1227,1232,1236,1235,1238,1235,1241,1250,1254,1271,1273,1286,1296,1305,1314,1306,1303,1292,1298,1302,1304,1317,1326,1343,1346,1350,1360,1358,1345,1337,1335,1341,1341,1354,1366,1374,1389,1390,1387,1384,1383,1379,1382,1387,1396,1405,1415,1429,1438,1446,1445,1444,1442,1446,1451,1458,1461,1469,1470,1471,1472,1477,1478,1469,1468,1466,1470,1480,1482,1501,1530,1560,1597,1638,1687,1708,1727,1743,1754,1772,1796,1810,1823,1851,1870
395005,"Providence, RI",38,1093,1176,1168,1158,1157,1173,1177,1164,1140,1151,1142,1144,1151,1185,1199,1203,1220,1212,1217,1210,1194,1203,1216,1217,1233,1243,1244,1261,1264,1256,1273,1275,1256,1259,1256,1270,1279,1302,1319,1323,1327,1329,1318,1314,1267,1293,1312,1319,1347,1353,1366,1381,1384,1392,1388,1379,1379,1372,1384,1394,1400,1417,1431,1450,1458,1457,1449,1443,1440,1454,1450,1444,1458,1473,1494,1499,1488,1498,1523,1523,1523,1537,1569,1577,1581,1597,1611,1650,1695,1698,1728,1742,1741,1746,1756,1781,1805,1822,1853,1899,1956,1953
394862,"Milwaukee, WI",39,,904,941,921,922,932,939,944,943,939,940,947,954,940,946,959,960,962,961,967,962,965,960,955,955,960,965,978,974,981,982,978,974,975,973,976,975,976,981,986,997,999,997,996,993,989,984,991,996,998,1001,1009,1015,1020,1017,1016,1015,1015,1013,1016,1019,1026,1031,1037,1042,1042,1044,1041,1045,1045,1046,1049,1048,1052,1057,1061,1058,1063,1067,1070,1069,1077,1072,1071,1075,1082,1086,1097,1106,1116,1124,1141,1147,1150,1149,1149,1161,1165,1170,1177,1188,1202
394714,"Jacksonville, FL",40,1053,1045,1053,1068,1064,1068,1069,1071,1072,1073,1072,1070,1076,1073,1072,1081,1091,1099,1105,1108,1106,1107,1106,1108,1112,1121,1124,1130,1134,1141,1142,1148,1148,1143,1147,1143,1148,1152,1161,1169,1177,1185,1191,1197,1180,1186,1194,1198,1206,1210,1218,1228,1237,1247,1254,1257,1258,1258,1260,1265,1262,1267,1274,1281,1288,1297,1303,1307,1310,1305,1307,1307,1311,1316,1322,1319,1321,1327,1335,1352,1360,1370,1372,1375,1388,1403,1422,1451,1484,1530,1581,1625,1663,1676,1697,1714,1714,1728,1734,1753,1776,1783
394849,"Memphis, TN",41,962,952,964,966,972,977,980,981,978,982,982,986,987,987,985,987,991,992,995,997,997,994,999,998,998,1006,1007,1010,1010,1017,1018,1017,1019,1021,1018,1020,1020,1020,1024,1030,1032,1031,1039,1041,1043,1041,1041,1040,1047,1048,1052,1061,1065,1074,1079,1081,1079,1080,1083,1086,1088,1095,1102,1109,1114,1118,1124,1126,1128,1124,1125,1129,1137,1148,1159,1166,1168,1183,1195,1216,1225,1232,1248,1243,1255,1264,1280,1306,1340,1361,1378,1404,1413,1435,1439,1449,1453,1466,1482,1494,1512,1516
394935,"Oklahoma City, OK",42,971,986,987,998,1007,1014,1020,1021,1012,1010,1012,1020,1023,1021,1026,1029,1047,1049,1050,1045,1034,1022,1015,1023,1027,1035,1036,1041,1042,1046,1042,1040,1031,1022,1017,1022,1016,1024,1034,1036,1041,1047,1049,1051,1045,1041,1031,1032,1041,1043,1051,1057,1059,1067,1069,1067,1068,1068,1068,1068,1068,1076,1078,1087,1124,1114,1106,1104,1101,1099,1099,1097,1101,1101,1110,1112,1117,1117,1121,1124,1127,1134,1140,1137,1139,1141,1154,1169,1190,1219,1238,1256,1261,1265,1270,1272,1279,1286,1299,1316,1333,1346
394807,"Louisville-Jefferson County, KY",43,860,873,871,871,887,891,901,903,903,905,899,901,898,913,910,935,925,924,933,930,932,920,925,927,933,932,941,949,958,969,968,973,968,968,968,975,977,991,995,998,1003,1009,1011,1010,1010,1002,999,1008,1009,1019,1024,1026,1031,1035,1032,1039,1039,1039,1039,1037,1043,1047,1052,1065,1069,1073,1070,1065,1073,1069,1065,1065,1075,1080,1087,1086,1091,1102,1107,1107,1113,1117,1119,1120,1116,1121,1127,1144,1156,1162,1175,1180,1193,1193,1207,1220,1228,1242,1259,1275,1290,1301
394669,"Hartford, CT",44,1224,1205,1197,1203,1209,1220,1232,1232,1230,1229,1229,1229,1232,1244,1244,1250,1250,1258,1261,1258,1255,1256,1254,1255,1261,1266,1265,1266,1275,1278,1280,1282,1281,1273,1274,1277,1276,1281,1288,1294,1303,1304,1306,1307,1302,1297,1296,1295,1302,1308,1311,1319,1329,1328,1333,1328,1328,1326,1332,1334,1339,1340,1345,1350,1350,1359,1363,1364,1358,1352,1351,1361,1368,1369,1370,1377,1372,1383,1390,1395,1412,1415,1428,1425,1434,1426,1444,1463,1487,1509,1528,1538,1560,1545,1574,1577,1555,1572,1600,1629,1652,1656
395022,"Richmond, VA",45,,1050,1072,1069,1089,1102,1107,1104,1111,1103,1096,1110,1110,1106,1113,1122,1122,1117,1130,1139,1134,1131,1135,1127,1135,1134,1154,1159,1156,1159,1175,1165,1163,1157,1157,1156,1156,1166,1169,1185,1195,1198,1203,1197,1193,1193,1199,1201,1208,1209,1219,1232,1242,1247,1247,1244,1240,1239,1247,1245,1249,1256,1268,1279,1286,1288,1289,1294,1294,1289,1286,1294,1297,1304,1310,1301,1311,1313,1320,1325,1325,1328,1339,1340,1344,1350,1369,1386,1414,1442,1465,1464,1488,1502,1529,1540,1525,1540,1557,1573,1597,1611
394910,"New Orleans, LA",46,1153,1124,1135,1122,1123,1125,1162,1161,1155,1127,1138,1153,1161,1154,1156,1154,1163,1173,1172,1171,1172,1175,1177,1190,1190,1181,1176,1179,1187,1184,1180,1179,1189,1194,1190,1204,1195,1204,1198,1197,1201,1200,1204,1211,1214,1213,1214,1215,1184,1189,1211,1217,1216,1215,1219,1215,1219,1225,1229,1212,1212,1215,1221,1225,1232,1231,1233,1235,1249,1248,1256,1254,1249,1254,1245,1243,1246,1243,1248,1244,1261,1268,1269,1279,1289,1288,1289,1305,1318,1313,1336,1362,1404,1408,1450,1507,1500,1530,1531,1531,1533,1538
394425,"Buffalo, NY",47,842,771,811,828,831,839,851,833,846,858,847,848,853,863,875,879,901,874,887,897,898,890,893,896,902,892,903,912,918,919,915,922,922,923,919,922,940,946,944,943,946,953,953,952,946,949,954,961,958,965,970,973,984,986,987,987,982,981,987,991,994,1003,1012,1012,1018,1016,1016,1013,1010,1017,1017,1017,1029,1037,1050,1042,1045,1054,1059,1069,1063,1066,1067,1068,1081,1092,1090,1107,1118,1130,1147,1158,1164,1170,1159,1176,1174,1200,1207,1217,1230,1244
395012,"Raleigh, NC",48,1133,1128,1123,1136,1143,1153,1161,1162,1161,1157,1153,1148,1158,1164,1173,1180,1189,1197,1206,1207,1209,1203,1199,1191,1197,1204,1217,1227,1234,1241,1244,1248,1251,1249,1243,1238,1238,1245,1251,1261,1270,1282,1284,1282,1281,1280,1276,1276,1275,1280,1287,1298,1306,1314,1320,1325,1324,1319,1320,1318,1321,1333,1343,1348,1361,1374,1378,1379,1380,1379,1374,1378,1385,1381,1390,1381,1374,1382,1388,1393,1399,1400,1407,1408,1415,1420,1435,1458,1493,1532,1580,1617,1636,1650,1659,1670,1682,1693,1706,1722,1747,1769
394388,"Birmingham, AL",49,942,949,948,946,946,954,956,967,965,962,955,962,964,970,970,976,976,978,983,984,988,986,988,987,987,997,992,1005,998,998,1002,998,1004,1008,998,999,1003,1003,1008,1011,1015,1016,1024,1018,1038,1025,1027,1033,1031,1027,1035,1043,1048,1053,1043,1054,1051,1060,1064,1067,1076,1080,1087,1083,1087,1091,1094,1096,1102,1100,1099,1099,1099,1106,1129,1126,1121,1116,1129,1134,1150,1143,1154,1161,1166,1169,1173,1181,1195,1207,1233,1247,1253,1265,1285,1289,1293,1293,1305,1314,1326,1332
395053,"Salt Lake City, UT",50,943,988,975,987,1003,1014,1022,1023,1011,1021,1014,1020,1024,1027,1029,1044,1049,1061,1062,1054,1062,1064,1066,1076,1078,1081,1090,1093,1099,1105,1106,1119,1122,1122,1124,1120,1122,1134,1142,1152,1163,1174,1172,1182,1191,1188,1176,1165,1178,1204,1213,1214,1225,1228,1239,1243,1250,1248,1243,1253,1257,1260,1268,1282,1290,1294,1302,1304,1308,1301,1299,1294,1301,1303,1316,1304,1300,1307,1312,1315,1327,1327,1325,1328,1336,1346,1367,1397,1440,1468,1491,1510,1525,1555,1568,1586,1595,1619,1645,1670,1689,1703
395031,"Rochester, NY",51,,971,948,965,980,973,991,1004,1007,1004,988,1004,996,1009,1016,1004,1015,1019,1026,1023,1039,1033,1032,1035,1042,1030,1034,1034,1045,1057,1052,1051,1056,1056,1044,1048,1051,1066,1062,1068,1076,1078,1083,1087,1084,1081,1077,1084,1095,1107,1102,1105,1111,1119,1119,1123,1118,1114,1112,1109,1118,1125,1126,1136,1147,1152,1153,1140,1135,1129,1136,1141,1148,1153,1162,1168,1160,1160,1171,1172,1171,1176,1192,1207,1219,1234,1246,1265,1286,1296,1311,1323,1320,1323,1323,1340,1318,1342,1372,1387,1412,1440
394640,"Grand Rapids, MI",52,777,807,801,819,854,858,864,867,867,859,864,856,860,868,875,896,909,926,930,926,932,929,937,934,940,944,961,980,997,1006,1015,1009,1010,1006,1009,1010,1007,1022,1025,1031,1059,1072,1076,1073,1072,1066,1067,1058,1059,1069,1083,1100,1111,1119,1121,1124,1121,1118,1120,1119,1124,1128,1133,1144,1170,1173,1175,1168,1168,1173,1179,1171,1173,1181,1189,1195,1203,1216,1220,1214,1220,1230,1233,1237,1231,1243,1265,1279,1298,1322,1365,1380,1372,1346,1377,1399,1394,1407,1419,1446,1487,1491
395167,"Tucson, AZ",53,924,938,936,936,940,943,945,943,943,941,943,939,941,945,947,952,953,958,964,960,961,966,956,961,966,972,976,981,988,982,986,991,991,993,991,999,1001,1009,1019,1025,1034,1035,1036,1039,1040,1042,1044,1049,1053,1062,1063,1079,1083,1093,1100,1105,1105,1111,1116,1124,1127,1133,1140,1145,1156,1158,1165,1178,1172,1172,1183,1190,1199,1207,1205,1199,1204,1210,1221,1237,1255,1280,1285,1285,1290,1310,1333,1362,1380,1401,1423,1471,1490,1519,1530,1545,1547,1576,1588,1595,1598,1620
753924,"Urban Honolulu, HI",54,1956,1993,1987,1978,2024,2049,2034,2055,2105,2112,2128,2167,2167,2160,2167,2164,2169,2172,2180,2200,2205,2198,2207,2209,2215,2195,2209,2215,2212,2225,2237,2237,2235,2221,2237,2229,2229,2233,2243,2258,2258,2247,2252,2259,2257,2258,2260,2257,2256,2271,2277,2278,2284,2298,2296,2298,2294,2292,2296,2296,2306,2307,2326,2334,2327,2320,2340,2340,2342,2346,2336,2336,2342,2363,2348,2334,2327,2318,2319,2326,2326,2309,2341,2348,2337,2380,2405,2452,2484,2457,2504,2532,2550,2572,2560,2592,2552,2570,2617,2632,2689,2670
395169,"Tulsa, OK",55,917,934,927,920,931,935,950,951,943,948,950,953,943,954,952,953,973,967,970,989,978,974,974,971,969,958,965,967,977,979,983,983,973,1002,994,992,980,977,981,985,986,992,990,989,984,987,991,985,990,995,991,990,996,1003,1005,1007,1016,1012,1005,1000,1007,1009,1005,1006,1113,1071,1051,1039,1037,1041,1044,1037,1041,1045,1048,1042,1038,1047,1059,1074,1075,1094,1106,1107,1103,1105,1123,1138,1150,1161,1196,1215,1226,1197,1268,1285,1277,1278,1284,1293,1304,1317
394619,"Fresno, CA",56,1164,1195,1185,1189,1212,1202,1195,1199,1203,1206,1212,1213,1217,1221,1218,1229,1233,1239,1237,1231,1231,1241,1246,1249,1255,1265,1270,1273,1277,1286,1292,1295,1298,1288,1297,1301,1297,1305,1315,1322,1341,1351,1362,1364,1364,1370,1367,1381,1369,1382,1388,1402,1415,1417,1429,1429,1443,1446,1441,1465,1460,1476,1477,1488,1491,1502,1516,1518,1526,1532,1524,1544,1558,1567,1561,1546,1548,1559,1561,1581,1595,1623,1637,1642,1657,1686,1717,1762,1798,1839,1899,1936,1933,1921,1944,1928,1935,1942,1958,1981,2008,1995
395238,"Worcester, MA",57,1124,1103,1119,1118,1131,1136,1145,1149,1159,1154,1157,1157,1157,1162,1170,1175,1180,1192,1194,1196,1195,1197,1200,1210,1211,1214,1220,1228,1245,1252,1256,1257,1260,1264,1261,1273,1272,1289,1290,1303,1312,1318,1312,1316,1318,1323,1319,1327,1339,1342,1356,1359,1361,1377,1398,1397,1407,1403,1400,1405,1408,1420,1423,1436,1445,1444,1458,1453,1466,1469,1475,1482,1494,1501,1493,1498,1487,1501,1511,1512,1524,1531,1535,1546,1529,1538,1555,1582,1616,1632,1654,1675,1685,1698,1736,1728,1723,1762,1792,1821,1852,1881
394415,"Stamford, CT",58,1810,1832,1867,1880,1923,1960,1961,1948,1939,1937,1930,1959,1964,1954,1963,1970,1992,1991,2005,1998,2002,1986,1971,1982,2007,1996,2007,2001,2022,2028,2028,2027,2022,2025,2008,2001,2011,2052,2041,2051,2070,2063,2064,2067,2061,2062,2057,2046,2061,2059,2079,2096,2105,2124,2126,2123,2125,2114,2114,2117,2126,2132,2132,2151,2158,2172,2175,2182,2196,2190,2165,2164,2159,2187,2196,2204,2211,2223,2237,2245,2268,2288,2282,2273,2286,2306,2328,2375,2418,2454,2483,2502,2505,2495,2522,2499,2519,2537,2586,2632,2675,2711
394312,"Albuquerque, NM",59,951,950,955,954,961,962,968,972,968,967,965,963,967,965,972,981,986,989,992,996,994,992,986,988,986,991,997,1006,1009,1016,1021,1024,1021,1022,1017,1011,1010,1022,1026,1030,1034,1042,1042,1044,1038,1037,1040,1038,1042,1046,1054,1060,1064,1069,1075,1080,1075,1076,1074,1081,1080,1084,1090,1095,1106,1115,1126,1129,1132,1130,1128,1128,1133,1143,1146,1140,1132,1155,1177,1188,1208,1215,1215,1214,1213,1228,1244,1272,1295,1329,1368,1417,1427,1425,1436,1453,1440,1459,1464,1483,1523,1537
394308,"Albany, NY",60,1012,1036,1010,1041,1044,1041,1059,1080,1076,1083,1071,1082,1091,1086,1089,1086,1086,1091,1088,1086,1075,1093,1090,1085,1096,1095,1118,1117,1119,1118,1114,1119,1126,1123,1123,1156,1146,1148,1136,1145,1148,1151,1144,1143,1141,1128,1147,1136,1156,1166,1176,1174,1175,1173,1170,1172,1181,1181,1162,1186,1192,1180,1189,1185,1198,1197,1208,1206,1199,1206,1208,1217,1224,1218,1226,1253,1232,1228,1229,1233,1251,1259,1254,1254,1252,1230,1252,1289,1316,1326,1347,1345,1358,1360,1366,1377,1365,1381,1404,1396,1417,1437
394938,"Omaha, NE",61,855,818,846,849,860,863,874,871,874,874,874,881,881,890,905,913,904,909,909,909,907,903,902,908,913,914,920,923,929,933,936,941,943,943,941,947,944,948,950,956,965,959,973,970,967,964,962,965,961,970,968,975,985,987,988,989,991,992,990,991,996,998,1000,1005,1016,1026,1027,1025,1023,1027,1029,1032,1032,1038,1050,1053,1061,1065,1072,1077,1072,1068,1067,1072,1073,1079,1087,1095,1112,1137,1151,1156,1159,1166,1171,1175,1171,1184,1197,1221,1238,1248
394908,"New Haven, CT",62,1322,1341,1341,1354,1371,1382,1394,1384,1383,1372,1391,1393,1398,1398,1410,1419,1425,1420,1424,1421,1417,1411,1421,1402,1414,1436,1435,1456,1463,1465,1462,1455,1452,1446,1444,1446,1453,1455,1464,1478,1482,1487,1486,1496,1484,1482,1489,1493,1491,1498,1503,1517,1523,1523,1526,1524,1535,1523,1523,1535,1542,1543,1556,1565,1567,1560,1560,1560,1554,1571,1581,1583,1584,1599,1602,1605,1610,1615,1605,1609,1617,1637,1652,1642,1650,1652,1682,1687,1734,1770,1823,1818,1820,1843,1878,1872,1852,1861,1886,1932,1941,1953
394357,"Bakersfield, CA",63,1070,1027,1046,1052,1062,1085,1080,1083,1082,1077,1081,1084,1078,1090,1100,1104,1103,1104,1105,1104,1107,1102,1100,1099,1096,1110,1102,1113,1113,1121,1129,1133,1133,1131,1132,1139,1133,1140,1149,1153,1157,1159,1164,1166,1171,1153,1161,1170,1181,1184,1188,1200,1205,1208,1212,1215,1219,1223,1224,1225,1241,1244,1266,1273,1274,1280,1280,1283,1288,1293,1296,1295,1307,1323,1310,1320,1321,1340,1364,1393,1392,1401,1406,1399,1435,1440,1449,1477,1487,1502,1535,1542,1595,1591,1632,1667,1704,1722,1725,1722,1772,1778
394753,"Knoxville, TN",64,949,970,966,973,975,976,976,983,973,975,974,975,991,993,1008,1015,1018,1003,1008,1007,993,985,983,987,985,1007,1012,1023,1040,1046,1048,1050,1038,1025,1033,1038,1037,1057,1062,1071,1075,1074,1085,1084,1086,1086,1086,1075,1089,1095,1103,1104,1122,1124,1132,1130,1140,1137,1135,1142,1158,1159,1174,1177,1184,1202,1195,1200,1202,1204,1204,1217,1215,1225,1213,1212,1215,1226,1238,1259,1270,1288,1291,1299,1303,1325,1319,1338,1381,1418,1462,1498,1528,1533,1533,1558,1563,1579,1611,1653,1680,1705
394653,"Greenville, SC",65,988,1059,1042,1031,1023,1010,1014,1015,1014,1013,996,997,1001,1002,1026,1039,1050,1056,1052,1050,1052,1055,1059,1059,1066,1075,1089,1109,1114,1108,1105,1105,1111,1099,1085,1094,1086,1095,1109,1119,1132,1136,1136,1138,1130,1122,1123,1123,1134,1141,1148,1162,1163,1171,1178,1173,1180,1177,1177,1175,1176,1186,1191,1197,1210,1214,1218,1210,1219,1212,1216,1218,1216,1231,1244,1235,1227,1227,1221,1229,1234,1236,1242,1250,1260,1259,1279,1295,1319,1349,1387,1406,1408,1429,1437,1431,1433,1439,1458,1472,1490,1513
394952,"Ventura, CA",66,1920,1922,1891,1918,1932,1942,1965,1973,1983,1976,1991,1997,2003,1997,2022,2051,2062,2062,2075,2082,2089,2086,2087,2074,2082,2089,2117,2124,2135,2153,2173,2177,2178,2191,2201,2183,2193,2211,2236,2242,2253,2245,2254,2261,2274,2261,2267,2287,2289,2316,2324,2313,2335,2350,2358,2377,2364,2388,2394,2395,2391,2402,2422,2397,2419,2437,2439,2437,2438,2434,2443,2459,2472,2477,2468,2429,2443,2451,2465,2484,2499,2509,2539,2584,2594,2576,2622,2679,2700,2751,2780,2807,2879,2899,2905,2950,2943,2972,3006,3031,3069,3042
394318,"Allentown, PA",67,1164,1190,1176,1182,1195,1208,1205,1205,1209,1208,1198,1204,1194,1196,1205,1221,1220,1225,1226,1232,1223,1229,1223,1232,1234,1233,1245,1249,1252,1256,1266,1258,1263,1266,1264,1255,1257,1266,1284,1289,1288,1294,1291,1303,1307,1307,1297,1293,1295,1304,1309,1321,1329,1331,1342,1340,1347,1334,1344,1350,1339,1357,1363,1369,1380,1381,1392,1393,1401,1390,1391,1391,1397,1403,1399,1399,1408,1417,1425,1439,1459,1478,1489,1493,1510,1516,1544,1561,1590,1634,1663,1679,1687,1703,1718,1746,1772,1778,1790,1809,1811,1823
394561,"El Paso, TX",68,1004,1014,1011,1017,1017,1018,1014,1025,1013,1014,1012,1016,1015,1017,1016,1019,1022,1023,1023,1025,1020,1015,1011,1016,1016,1024,1023,1025,1024,1027,1028,1024,1022,1018,1025,1040,1027,1028,1030,1028,1027,1031,1032,1031,1031,1026,1027,1028,1029,1026,1031,1044,1043,1046,1050,1050,1041,1041,1046,1053,1051,1042,1051,1058,1065,1065,1069,1076,1082,1078,1080,1083,1089,1091,1093,1101,1108,1113,1125,1132,1134,1141,1159,1154,1151,1163,1174,1190,1210,1199,1231,1257,1265,1278,1276,1296,1306,1347,1374,1394,1411,1433
394367,"Baton Rouge, LA",69,1108,1121,1133,1107,1110,1106,1118,1126,1126,1130,1112,1107,1114,1129,1137,1176,1161,1147,1148,1136,1140,1137,1127,1135,1154,1149,1174,1170,1166,1178,1171,1170,1184,1190,1204,1204,1206,1206,1209,1207,1198,1198,1186,1181,1182,1191,1186,1195,1181,1186,1187,1199,1202,1197,1195,1192,1197,1199,1188,1183,1185,1182,1186,1194,1202,1204,1197,1196,1197,1192,1185,1169,1179,1175,1183,1186,1191,1191,1199,1208,1215,1205,1203,1204,1216,1220,1222,1238,1235,1253,1275,1290,1318,1323,1314,1327,1336,1346,1352,1364,1375,1389
394521,"Dayton, OH",70,846,841,841,835,847,854,856,866,868,861,866,860,859,862,862,869,874,880,884,887,881,879,886,888,891,900,908,910,915,915,913,914,912,909,923,917,920,918,922,927,937,941,948,950,951,950,953,959,955,956,968,966,979,977,988,985,984,983,979,988,990,993,999,1005,1011,1008,1025,1028,1026,1034,1043,1041,1039,1045,1053,1044,1055,1059,1068,1074,1075,1079,1086,1093,1090,1103,1119,1119,1120,1140,1173,1187,1211,1217,1219,1213,1222,1238,1246,1235,1256,1261
394843,"McAllen, TX",71,767,862,,810,809,819,815,831,838,839,838,828,838,826,844,844,841,843,841,845,852,843,844,853,858,859,846,852,853,854,861,845,853,875,863,855,855,878,866,862,856,858,865,865,868,873,893,878,870,885,877,877,874,873,871,876,877,885,885,887,892,889,888,885,891,884,891,905,899,899,904,903,904,900,904,908,908,911,916,922,917,929,931,930,938,948,955,970,981,979,996,997,1014,1028,1031,1034,1030,1054,1031,1051,1075,1080
394486,"Columbia, SC",72,,949,916,935,944,950,954,955,954,952,957,962,954,943,951,955,963,971,981,979,974,971,969,968,982,974,987,983,990,989,996,1003,999,999,1008,999,998,1004,1014,1014,1017,1024,1024,1026,1020,1026,1030,1028,1024,1037,1039,1049,1053,1056,1062,1065,1065,1067,1069,1066,1072,1081,1085,1098,1104,1111,1114,1112,1106,1105,1108,1104,1111,1121,1133,1129,1138,1147,1158,1153,1161,1166,1171,1172,1189,1195,1214,1226,1242,1275,1296,1315,1334,1346,1370,1369,1353,1356,1379,1391,1415,1422
394648,"Greensboro, NC",73,871,902,889,889,887,884,894,893,888,889,886,887,889,888,900,911,915,914,919,919,915,905,893,897,912,912,906,918,926,924,932,936,936,923,936,937,966,953,953,956,960,968,970,969,972,969,958,965,970,981,984,988,987,988,998,1004,1004,1005,1000,1006,1014,1021,1025,1032,1046,1047,1052,1052,1051,1052,1060,1058,1065,1070,1071,1075,1087,1088,1100,1102,1101,1116,1125,1134,1137,1161,1170,1178,1185,1208,1229,1249,1264,1296,1320,1327,1327,1352,1357,1372,1396,1411
394304,"Akron, OH",74,823,793,791,807,817,836,816,825,832,836,830,838,843,840,850,856,854,865,864,862,858,860,866,869,872,868,866,868,873,880,879,877,879,884,888,883,877,876,884,892,900,897,899,896,899,894,893,891,895,893,906,912,914,916,921,911,911,912,913,917,923,928,936,930,934,942,929,941,948,947,958,954,964,958,964,965,974,979,980,985,980,986,990,983,1019,1026,1022,1047,1054,1068,1082,1093,1088,1085,1110,1106,1084,1119,1137,1164,1167,1200
753906,"North Port-Sarasota-Bradenton, FL",75,1228,1275,1264,1281,1280,1281,1296,1307,1310,1318,1333,1362,1368,1370,1367,1372,1370,1387,1392,1399,1403,1418,1429,1434,1452,1452,1468,1449,1437,1437,1442,1440,1452,1460,1483,1482,1490,1489,1502,1502,1489,1491,1485,1493,1502,1515,1519,1536,1538,1541,1544,1534,1537,1541,1553,1557,1574,1572,1585,1596,1603,1601,1595,1593,1595,1594,1613,1630,1630,1639,1656,1660,1665,1655,1642,1641,1623,1626,1645,1653,1664,1708,1729,1771,1769,1764,1783,1804,1846,1927,2010,2102,2159,2212,2282,2378,2367,2323,2306,2363,2367,2393
394798,"Little Rock, AR",76,859,880,857,866,866,869,874,880,883,877,869,871,867,877,882,882,895,895,890,885,886,890,883,884,888,894,893,892,893,896,899,900,887,893,895,902,902,905,909,909,908,909,909,912,913,909,914,911,912,917,916,918,915,913,919,922,927,929,931,928,925,931,938,940,942,949,954,947,946,946,949,951,957,959,960,961,965,974,993,998,998,999,1002,1007,1014,1021,1029,1044,1050,1067,1091,1115,1123,1118,1129,1135,1122,1130,1137,1137,1152,1167
395134,"Stockton, CA",77,1276,1297,1286,1289,1302,1296,1314,1324,1341,1366,1350,1349,1340,1350,1369,1377,1390,1402,1402,1453,1450,1452,1444,1450,1454,1489,1496,1501,1508,1530,1540,1537,1565,1570,1560,1587,1595,1602,1606,1632,1642,1652,1673,1692,1703,1704,1691,1699,1709,1714,1727,1733,1749,1759,1788,1795,1800,1797,1801,1804,1803,1807,1818,1838,1848,1861,1880,1889,1882,1891,1883,1905,1939,1939,1937,1938,1943,1948,1972,2005,2006,2026,2026,2072,2089,2102,2145,2178,2243,2293,2321,2338,2355,2353,2319,2342,2354,2393,2398,2442,2454,2452
394457,"Charleston, SC",78,1100,1135,1127,1168,1159,1156,1162,1164,1167,1162,1170,1170,1183,1200,1204,1210,1215,1224,1234,1227,1209,1221,1214,1216,1216,1240,1255,1264,1268,1282,1293,1285,1287,1287,1285,1285,1290,1294,1307,1317,1326,1335,1341,1340,1347,1345,1347,1338,1339,1352,1357,1366,1373,1383,1387,1389,1397,1395,1390,1383,1387,1396,1405,1413,1423,1433,1435,1430,1433,1436,1431,1435,1457,1456,1453,1451,1436,1439,1453,1457,1464,1455,1450,1468,1484,1476,1503,1528,1559,1598,1646,1698,1710,1726,1749,1752,1738,1746,1758,1802,1854,1881
395143,"Syracuse, NY",79,918,907,922,931,949,953,970,984,979,967,944,933,929,928,960,962,994,1002,997,994,987,986,986,1003,1007,1005,1010,1037,1039,1034,1001,1012,1012,1007,1033,1030,1032,1033,1032,1029,1045,1045,1042,1049,1041,1055,1076,1084,1073,1080,1063,1059,1072,1062,1062,1075,1060,1059,1053,1088,1076,1054,1066,1078,1078,1111,1097,1097,1100,1112,1113,1103,1119,1119,1107,1098,1133,1127,1141,1155,1153,1173,1177,1166,1184,1167,1179,1211,1217,1246,1261,1270,1346,1352,1313,1360,1300,1305,1341,1359,1386,1399
394484,"Colorado Springs, CO",80,1038,1047,1055,1058,1067,1076,1082,1084,1084,1089,1091,1094,1096,1101,1103,1109,1118,1132,1137,1144,1141,1146,1148,1157,1159,1159,1172,1187,1197,1209,1211,1225,1230,1232,1232,1233,1244,1247,1258,1269,1278,1288,1293,1301,1301,1300,1307,1315,1322,1337,1343,1353,1358,1359,1366,1370,1369,1368,1368,1373,1382,1403,1413,1417,1425,1434,1439,1446,1448,1455,1451,1459,1471,1475,1480,1477,1478,1489,1501,1514,1528,1533,1541,1540,1550,1572,1593,1620,1653,1687,1731,1754,1757,1757,1765,1775,1777,1793,1813,1831,1857,1878
395235,"Winston-Salem, NC",81,1023,1016,1018,1003,1003,1003,1007,1004,1005,994,1003,1006,1008,1013,1022,1021,1026,1032,1036,1041,1039,1038,1036,1031,1035,1043,1058,1061,1063,1057,1066,1066,1064,1060,1065,1061,1067,1071,1083,1091,1098,1105,1099,1102,1107,1109,1107,1104,1115,1116,1127,1139,1141,1142,1145,1150,1156,1154,1158,1161,1169,1176,1185,1193,1203,1210,1219,1214,1214,1218,1215,1211,1234,1237,1241,1238,1243,1259,1264,1281,1289,1296,1307,1299,1318,1324,1347,1368,1397,1427,1451,1472,1484,1496,1517,1498,1519,1554,1555,1567,1603,1608
395224,"Wichita, KS",82,,707,741,731,758,761,766,763,784,784,777,769,767,768,768,776,764,767,771,765,771,770,764,773,771,772,776,783,781,790,783,777,772,774,776,774,772,774,778,783,781,787,788,787,786,781,781,782,786,786,788,790,795,797,795,795,794,806,797,795,791,795,798,803,806,809,814,817,815,813,816,813,817,819,825,825,828,834,839,844,849,846,846,845,843,855,859,872,880,897,891,904,909,917,919,922,921,931,943,943,950,961
395115,"Springfield, MA",83,1113,1117,1098,1100,1122,1136,1142,1162,1147,1124,1138,1140,1142,1141,1140,1155,1154,1168,1171,1177,1176,1171,1170,1168,1169,1178,1190,1194,1215,1209,1227,1219,1217,1226,1213,1201,1196,1197,1209,1229,1231,1244,1239,1239,1258,1247,1246,1241,1246,1251,1263,1260,1266,1277,1303,1306,1307,1304,1306,1279,1288,1295,1309,1315,1318,1332,1335,1335,1322,1332,1328,1331,1347,1358,1355,1351,1360,1369,1374,1356,1370,1390,1377,1387,1401,1448,1455,1454,1457,1450,1481,1473,1465,1480,1509,1513,1522,1537,1547,1596,1581,1594
394440,"Fort Myers, FL",84,1019,1010,1014,1017,1030,1034,1047,1057,1076,1087,1096,1106,1106,1112,1126,1151,1162,1167,1173,1200,1216,1218,1232,1234,1243,1241,1263,1253,1256,1269,1276,1280,1276,1285,1296,1300,1312,1310,1314,1313,1312,1313,1314,1318,1324,1333,1345,1355,1367,1365,1359,1355,1361,1366,1372,1385,1388,1392,1402,1410,1416,1409,1408,1412,1418,1426,1426,1430,1441,1446,1448,1451,1461,1474,1471,1456,1455,1461,1475,1484,1507,1519,1536,1539,1542,1552,1562,1592,1627,1674,1737,1827,1891,1930,1984,2020,2037,2046,2072,2099,2164,2162
394399,"Boise City, ID",85,875,888,894,900,912,922,931,934,933,931,927,919,924,931,946,950,962,969,976,980,982,986,982,979,984,993,1005,1017,1025,1037,1048,1055,1054,1055,1044,1044,1049,1056,1071,1092,1099,1109,1120,1127,1131,1130,1125,1128,1128,1143,1153,1154,1174,1197,1216,1218,1221,1215,1222,1224,1227,1233,1250,1262,1282,1299,1304,1306,1309,1304,1295,1298,1312,1312,1332,1325,1333,1342,1364,1378,1393,1402,1423,1447,1459,1491,1530,1570,1618,1663,1704,1727,1724,1700,1711,1706,1736,1740,1774,1799,1832,1849
395160,"Toledo, OH",86,900,885,924,910,898,896,916,884,904,897,895,888,901,915,917,982,947,926,925,900,913,920,922,915,922,922,957,935,942,948,954,955,956,955,950,956,951,940,947,964,964,969,969,968,965,972,980,973,979,971,973,1006,1000,995,990,982,986,990,976,992,989,990,991,1005,1011,1013,1013,1017,1012,1011,1001,989,991,1007,1010,1021,1035,1042,1046,1043,1052,1041,1037,1052,1054,1065,1076,1097,1142,1157,1164,1189,1188,1182,1181,1192,1182,1194,1217,1234,1265,1294
394816,"Madison, WI",87,1060,1032,1034,1030,1034,1043,1048,1052,1044,1059,1055,1058,1052,1055,1066,1078,1071,1085,1086,1095,1086,1088,1097,1113,1097,1112,1100,1106,1123,1119,1129,1122,1114,1118,1129,1127,1123,1128,1133,1136,1142,1140,1141,1149,1137,1145,1149,1140,1150,1146,1154,1155,1163,1170,1169,1164,1165,1176,1176,1175,1178,1186,1191,1198,1197,1199,1200,1193,1194,1192,1200,1209,1223,1226,1229,1233,1222,1219,1230,1230,1235,1224,1233,1237,1242,1247,1257,1262,1266,1270,1287,1286,1297,1310,1308,1312,1317,1316,1329,1347,1368,1381
394766,"Lakeland, FL",88,975,1018,995,991,997,999,1031,1013,1012,1011,1011,1020,1023,1023,1028,1039,1044,1052,1056,1057,1042,1059,1068,1066,1066,1075,1066,1079,1098,1103,1106,1118,1120,1114,1121,1128,1129,1129,1135,1139,1153,1160,1158,1160,1164,1172,1188,1181,1170,1183,1204,1217,1230,1234,1244,1246,1253,1259,1262,1266,1271,1282,1292,1292,1298,1300,1310,1317,1321,1323,1327,1335,1339,1338,1344,1346,1359,1356,1363,1375,1383,1405,1410,1411,1419,1421,1444,1467,1499,1542,1577,1614,1666,1673,1700,1704,1715,1738,1785,1821,1833,1866
394931,"Ogden, UT",89,921,975,957,958,965,965,973,978,977,976,975,973,979,989,995,995,1004,1013,1016,1021,1025,1027,1028,1029,1033,1041,1044,1010,1041,1072,1076,1080,1084,1084,1092,1088,1106,1107,1113,1113,1119,1126,1131,1146,1149,1144,1146,1148,1153,1165,1179,1192,1188,1203,1212,1217,1210,1220,1228,1238,1239,1237,1257,1261,1272,1281,1282,1281,1279,1288,1289,1300,1296,1325,1319,1311,1322,1328,1338,1340,1332,1351,1371,1368,1389,1407,1419,1448,1485,1514,1557,1554,1571,1595,1598,1622,1632,1659,1661,1700,1720,1755
394528,"Daytona Beach, FL",90,973,973,981,982,986,989,1002,1010,990,1010,1025,1029,1040,1036,1045,1053,1052,1057,1076,1079,1084,1103,1100,1082,1099,1101,1109,1117,1135,1136,1142,1160,1156,1171,1177,1168,1173,1173,1159,1174,1193,1200,1214,1220,1213,1222,1231,1231,1234,1245,1256,1261,1277,1279,1283,1294,1294,1299,1304,1313,1314,1327,1341,1336,1343,1342,1348,1354,1360,1366,1364,1371,1378,1382,1393,1387,1381,1389,1401,1406,1424,1435,1440,1455,1464,1480,1499,1526,1536,1560,1616,1627,1665,1684,1719,1736,1761,1802,1836,1860,1883,1903
394531,"Des Moines, IA",91,969,935,958,988,991,990,1002,989,987,1010,1023,1004,1004,1004,1022,1020,1017,1021,1017,1009,994,1001,998,988,982,980,1000,1008,1016,1024,1026,1027,1015,1021,1025,1015,1020,1018,1031,1033,1041,1043,1054,1046,1035,1037,1025,1027,1012,1023,1033,1042,1047,1055,1069,1063,1055,1049,1042,1046,1050,1040,1040,1054,1063,1069,1078,1076,1077,1075,1075,1068,1069,1073,1078,1063,1069,1079,1091,1099,1098,1099,1098,1089,1091,1090,1110,1110,1119,1126,1133,1142,1154,1159,1156,1159,1159,1172,1173,1188,1204,1216
394711,"Jackson, MS",92,1133,1036,1086,1087,1105,1119,1112,1111,1111,1120,1120,1119,1104,1117,1125,1132,1129,1094,1115,1125,1130,1132,1137,1136,1144,1187,1167,1156,1148,1156,1151,1150,1213,1177,1156,1166,1187,1171,1160,1161,1160,1164,1164,1160,1166,1163,1157,1160,1166,1172,1180,1175,1176,1151,1163,1169,1172,1174,1184,1176,1184,1185,1187,1180,1183,1189,1190,1188,1177,1184,1199,1205,1210,1203,1219,1216,1215,1207,1207,1224,1227,1236,1239,1232,1231,1239,1249,1256,1282,1307,1327,1322,1316,1323,1332,1331,1334,1352,1378,1380,1400,1383
395245,"Youngstown, OH",93,673,696,672,678,692,681,666,676,688,701,699,686,690,693,701,702,701,673,673,687,693,699,702,707,707,700,704,683,695,703,708,715,713,720,716,710,719,715,722,720,722,730,729,741,730,728,731,723,726,731,737,731,740,744,745,768,764,763,754,764,760,761,765,759,759,765,767,766,759,769,774,770,778,792,794,798,802,795,800,791,817,807,827,818,832,846,848,868,866,888,892,939,911,920,931,958,970,965,967,960,952,960
394352,"Augusta, GA",94,904,939,924,912,911,908,904,901,902,912,913,912,911,908,909,914,924,935,934,928,930,931,932,930,924,936,937,940,946,952,952,948,950,955,947,948,947,945,956,962,967,968,969,973,975,979,979,979,983,976,992,993,999,1004,1000,1000,1001,1006,1002,1004,1008,1013,1021,1033,1043,1047,1043,1049,1049,1047,1048,1048,1050,1056,1062,1068,1074,1082,1101,1111,1122,1122,1135,1141,1146,1137,1143,1171,1179,1204,1236,1250,1255,1271,1280,1279,1283,1311,1324,1310,1323,1343
395075,"Scranton, PA",95,826,850,848,847,860,885,887,874,874,874,875,863,861,857,864,865,869,866,876,873,878,886,887,884,845,860,888,925,904,882,887,899,896,911,902,891,901,904,932,921,912,907,904,913,918,911,918,938,894,912,927,929,925,933,927,936,932,952,947,939,940,945,942,951,954,975,969,974,975,984,995,987,974,982,988,975,991,997,998,1002,1018,1031,1038,1058,1053,1047,1050,1077,1104,1122,1141,1154,1180,1177,1184,1163,1171,1182,1202,1232,1228,1244
394666,"Harrisburg, PA",96,1002,1014,994,982,981,976,974,947,962,945,968,974,971,980,995,1001,1000,992,990,990,993,994,984,995,996,987,994,1011,1021,1026,1036,1020,1020,1015,1027,1012,1016,1017,1017,1033,1037,1034,1038,1037,1032,1041,1030,1033,1033,1031,1041,1049,1060,1062,1063,1069,1074,1080,1090,1088,1092,1090,1100,1104,1106,1111,1113,1117,1125,1127,1125,1113,1124,1124,1118,1116,1110,1129,1135,1150,1147,1152,1154,1159,1172,1179,1180,1204,1225,1258,1274,1295,1320,1279,1304,1322,1333,1343,1359,1375,1382,1381
394957,"Melbourne, FL",97,954,978,963,967,974,982,995,981,994,997,1003,1013,1021,1024,1031,1040,1038,1050,1062,1084,1083,1082,1091,1102,1107,1116,1116,1123,1125,1144,1146,1152,1165,1168,1180,1188,1190,1200,1209,1206,1211,1223,1231,1236,1248,1258,1260,1261,1273,1277,1285,1297,1312,1319,1323,1333,1334,1329,1342,1344,1349,1353,1363,1364,1370,1372,1375,1382,1389,1388,1393,1405,1409,1439,1443,1430,1418,1424,1434,1449,1459,1460,1473,1485,1506,1512,1531,1561,1594,1626,1673,1726,1767,1775,1809,1824,1846,1853,1889,1916,1943,1974
394460,"Chattanooga, TN",98,891,901,934,929,901,924,932,930,933,932,946,903,908,933,963,939,951,965,971,962,951,954,964,959,962,1005,1008,1039,1033,1013,1007,997,1010,1029,1015,1012,1005,1001,981,1006,1023,1026,1031,1035,1037,1012,1025,1032,1043,1049,1062,1067,1071,1082,1081,1079,1075,1078,1090,1105,1110,1105,1108,1120,1112,1125,1119,1130,1128,1127,1127,1135,1131,1142,1152,1167,1173,1166,1181,1187,1192,1200,1197,1194,1195,1213,1231,1264,1307,1308,1332,1364,1375,1390,1371,1405,1417,1453,1469,1485,1523,1522
395113,"Spokane, WA",99,941,1028,994,954,957,949,932,932,909,919,924,905,929,935,927,967,966,967,964,964,967,965,983,993,998,1001,1012,1013,1004,1010,1002,1003,1023,1021,1015,1020,1016,1031,1038,1006,1039,1053,1062,1057,1068,1072,1076,1051,1064,1070,1087,1096,1111,1124,1108,1126,1123,1123,1126,1120,1124,1126,1142,1156,1172,1181,1185,1177,1188,1187,1163,1151,1168,1188,1210,1206,1213,1214,1228,1233,1261,1271,1257,1261,1268,1304,1318,1365,1434,1478,1511,1524,1516,1512,1507,1489,1381,1455,1516,1536,1574,1585
395006,"Provo, UT",100,1006,1033,1028,1020,1030,1060,1062,1046,1059,1065,1054,1063,1071,1070,1092,1076,1085,1101,1104,1090,1107,1116,1120,1118,1139,1122,1129,1131,1141,1174,1173,1176,1172,1178,1182,1169,1173,1188,1189,1192,1212,1217,1227,1233,1218,1217,1223,1228,1243,1246,1244,1263,1264,1279,1292,1294,1287,1288,1284,1289,1301,1300,1303,1305,1329,1336,1337,1344,1345,1330,1331,1331,1332,1337,1339,1348,1354,1366,1379,1380,1363,1395,1405,1410,1437,1448,1466,1482,1506,1530,1571,1590,1605,1668,1659,1657,1667,1691,1705,1729,1759,1764
394549,"Durham, NC",104,1094,1059,1086,1115,1126,1123,1135,1129,1132,1128,1113,1126,1126,1125,1139,1142,1151,1154,1173,1169,1162,1159,1156,1160,1174,1180,1186,1203,1195,1205,1210,1205,1208,1237,1229,1220,1221,1221,1227,1237,1245,1240,1251,1254,1244,1253,1257,1250,1242,1240,1254,1265,1281,1287,1285,1286,1287,1293,1297,1295,1300,1301,1313,1319,1335,1346,1355,1355,1354,1349,1356,1344,1344,1340,1348,1337,1357,1360,1358,1361,1362,1368,1366,1375,1391,1376,1357,1397,1436,1472,1504,1529,1554,1573,1580,1602,1600,1613,1624,1637,1669,1696
394995,"Port St. Lucie, FL",119,1119,1049,1099,1113,1143,1136,1157,1169,1175,1180,1186,1200,1211,1214,1160,1170,1210,1223,1230,1240,1260,1251,1269,1272,1284,1297,1299,1303,1318,1322,1329,1332,1342,1342,1342,1350,1362,1371,1366,1376,1378,1402,1408,1420,1420,1424,1431,1437,1439,1458,1461,1460,1482,1493,1512,1510,1511,1515,1515,1541,1538,1534,1530,1529,1528,1533,1557,1573,1569,1591,1601,1604,1609,1642,1617,1597,1597,1591,1611,1634,1672,1713,1724,1734,1751,1779,1765,1824,1850,1910,1951,1990,2037,2129,2228,2237,2275,2222,2252,2286,2304,2292
394746,"Killeen, TX",128,876,871,881,882,888,890,895,897,896,896,896,893,894,899,898,900,899,902,903,907,907,903,897,896,901,904,907,908,911,911,916,913,910,911,913,912,912,918,921,921,924,925,923,925,924,926,929,929,932,934,939,938,941,944,945,949,951,955,959,958,960,968,975,986,991,997,1001,1002,1000,1003,1003,1002,1007,1012,1009,1013,1022,1034,1048,1062,1077,1089,1100,1104,1105,1116,1125,1157,1183,1221,1255,1287,1298,1331,1339,1356,1346,1348,1359,1379,1389,1402
394602,"Fort Collins, CO",159,1237,1270,1260,1267,1273,1275,1285,1281,1314,1322,1299,1308,1314,1349,1356,1358,1372,1390,1397,1389,1389,1394,1384,1381,1374,1380,1401,1413,1432,1452,1454,1444,1428,1414,1405,1415,1408,1443,1447,1458,1457,1454,1460,1459,1460,1456,1460,1461,1434,1454,1481,1494,1509,1511,1512,1513,1502,1505,1488,1499,1501,1526,1539,1547,1549,1558,1558,1552,1551,1541,1540,1536,1553,1568,1577,1576,1579,1588,1591,1579,1566,1562,1561,1571,1565,1594,1618,1640,1660,1690,1713,1730,1732,1757,1757,1776,1773,1797,1811,1825,1855,1874
394405,"Boulder, CO",162,1456,1489,1456,1443,1457,1492,1505,1514,1535,1529,1502,1498,1531,1549,1578,1583,1594,1606,1614,1643,1667,1657,1632,1655,1668,1671,1688,1692,1699,1695,1703,1696,1702,1685,1694,1671,1673,1701,1705,1714,1717,1725,1736,1739,1735,1725,1736,1747,1753,1749,1757,1755,1776,1802,1817,1813,1806,1809,1797,1798,1809,1817,1828,1841,1857,1853,1859,1862,1858,1876,1869,1856,1858,1864,1886,1862,1856,1860,1870,1868,1876,1884,1880,1894,1907,1918,1938,1962,1986,2014,2046,2073,2067,2073,2080,2104,2131,2147,2185,2206,2219,2221
394483,"College Station, TX",192,984,1026,1005,1017,1021,1031,1034,1038,1059,1035,1007,1036,1039,1053,1066,1079,1098,1114,1110,1098,1060,1065,1105,1112,1117,1129,1122,1130,1130,1153,1131,1109,1084,1111,1120,1144,1161,1162,1168,1165,1161,1154,1136,1113,1110,1114,1135,1135,1158,1164,1160,1155,1150,1145,1134,1106,1131,1152,1131,1155,1162,1168,1175,1171,1169,1157,1163,1166,1172,1178,1189,1189,1192,1195,1188,1194,1195,1189,1169,1159,1189,1214,1226,1230,1246,1228,1227,1230,1218,1226,1245,1261,1237,1256,1296,1310,1318,1333,1346,1353,1354,1356
394623,"Gainesville, GA",229,883,922,936,928,930,934,926,933,925,936,924,937,934,949,965,972,975,976,985,994,1007,997,1025,1003,1004,985,1009,1008,1010,1011,1044,1048,1077,1060,1066,1063,1064,1070,1058,1062,1079,1092,1112,1115,1112,1105,1104,1121,1127,1123,1129,1138,1134,1135,1143,1145,1156,1171,1166,1168,1181,1196,1198,1212,1207,1203,1213,1242,1247,1238,1238,1230,1240,1247,1236,1223,1221,1240,1234,1246,1281,1267,1280,1312,1316,1342,1331,1379,1436,1467,1504,1550,1533,1532,1561,1583,1600,1605,1615,1606,1627,1652
395098,"Sierra Vista, AZ",309,781,822,804,797,802,810,809,793,795,802,800,800,795,796,796,799,795,796,793,799,799,797,816,803,795,794,791,789,789,789,792,792,783,784,783,777,778,779,767,782,788,794,810,804,799,798,806,797,797,799,803,808,821,823,829,827,832,843,840,848,843,844,853,863,872,868,870,845,875,877,891,892,900,912,909,924,920,916,924,923,931,948,962,970,959,982,983,987,1045,1074,1084,1058,1118,1175,1169,1152,1066,1108,1213,1237,1224,1171
395080,"Sebring, FL",382,613,659,,706,698,699,711,682,691,707,,714,735,744,771,753,747,761,775,761,783,804,801,837,819,707,,726,785,790,775,801,808,849,877,867,863,847,824,833,856,855,855,879,888,899,875,890,944,937,899,908,872,884,886,899,892,905,934,932,936,928,929,937,916,880,906,926,933,933,954,967,964,975,975,960,960,970,989,986,1001,1005,1016,1068,1058,1046,1058,1065,1078,1094,1104,1115,1165,1160,1200,1208,1212,1211,1229,1264,1284,1299
